{
    "date": "2010-02-20",
    "body-paragraphs": [
        [
            "Beck Wows the CPAC Crowd"
        ],
        [
            "Glenn Beck, the hero of the political right and the closing speaker of a three-day conservative conference, ripped the roof off a Washington hotel Saturday with a sweeping denunciation of progressivism."
        ],
        [
            "Progressivism, he told the Conservative Political Action Conference, is a cancer that must be cut out of the system."
        ],
        [
            "But he aimed his fire at Republicans as well as Democrats, and gave them little quarter, saying he did not know what the Republicans stood for."
        ],
        [
            "\u201cIt\u2019s not enough just to not suck as much as the other side,\u201d he said."
        ],
        [
            "Noting that he was a recovering alcoholic himself, he said that the party had to admit that it had a problem, which he had not heard it do."
        ],
        [
            "\u201cHello, my name is the Republican Party and I have a problem!\u201d he declared.",
            "\u201cI\u2019m addicted to spending and big government,\u201d he said, drawing cheers and applause from the thousands of people packed into the hotel ballroom."
        ],
        [
            "But both parties are to blame, he said.",
            "The Democrats tax and spend, while the Republicans just spend."
        ],
        [
            "People are losing a fundamental belief that things will get better, he said."
        ],
        [
            "\u201cIt is still morning in America,\u201d he posited, \u201cit just happens to be kind of a head-pounding, hung-over, vomiting-for-four-hours kind of morning in America.",
            "And it\u2019s shaping up to be kind of a nasty day, but it\u2019s still morning in America.\u201d"
        ],
        [
            "When the audience finished laughing, he asked: \u201cWhat made us sit there at the john making us vomit for four hours?",
            "What are we suffering from?\u201d"
        ],
        [
            "Saying President Obama, he said, was \u201ctoo simple an answer.\u201d"
        ],
        [
            "The real problem, he said, is progressivism, scrawling the word with chalk on his signature blackboard. \u201cThis is the disease in America,\u201d he said."
        ],
        [
            "He held the audience spellbound with riffs on his personal life laced through his political philosophy, strong on personal responsibility."
        ],
        [
            "\u201cWho can guarantee you happiness?\u201c he asked. \u201cTiger Woods wasn\u2019t happy.\u201d"
        ],
        [
            "If you find financial success on the road to happiness, he said, conservatives believe \u201cyou shouldn\u2019t be demonized or penalized by it.\u201d"
        ],
        [
            "\u201cI\u2019m not going to pay for your mistakes and I don\u2019t expect you to pay for my mistakes,\u201d he said, to wild applause."
        ]
    ],
    "triplet-uuid": "6f95dcb9-e960-45ac-8c0e-91b85724c909",
    "source": "nyt",
    "uuid": "17a9d9cb-727d-4173-b829-ceded51002e5",
    "title": "Beck Wows the CPAC Crowd",
    "keywords": "The Caucus,_featured",
    "url": "https://thecaucus.blogs.nytimes.com/2010/02/20/beck-wows-the-cpac-crowd/",
    "word-count": 314,
    "main-event": "Glenn Beck speaks at CPAC",
    "main-entities": ["Glenn Beck"]
}
