{
    "source": "fox",
    "main-entities": [
        "Steve Scalise",
        "Democratic Lawmakers",
        "Republican Lawmakers"
    ],
    "main-event": "",
    "title": "Shooting spurs calls for new lawmaker security measures",
    "url": "http://www.foxnews.com/politics/2017/06/15/shooting-spurs-calls-for-new-lawmaker-security-measures.html",
    "word-count": 913,
    "date": "2017-06-15",
    "uuid": "34ed48f7-3ad7-47ee-953d-906aad9b37fd",
    "triplet-uuid": "58f414e5-a122-49f5-819e-512d91069da5",
    "body-paragraphs": [
        [
            "Lawmakers at the scene of Wednesday\u2019s baseball practice shooting described themselves as \u201csitting ducks\u201d and said the violence would have been a \u201cmassacre\u201d if not for Majority Whip Steve Scalise's detail -- spurring new questions over whether congressional security practices should be overhauled."
        ],
        [
            "Thursday night, the MedStar Washington Hospital Center issued a statement saying Scalise \"underwent a second surgery related to his internal injuries and a broken bone in his leg.",
            "He remains in critical condition, but has improved in the last 24 hours.",
            "The Congressman will require additional operations, and will be in the hospital for some time.\""
        ],
        [
            "Scalise, R-La., like other members of leadership, is assigned a full-time security detail from U.S. Capitol Police, who guard him in Washington and at home in his district.",
            "His detail was credited with putting down the attacker and saving lives."
        ],
        [
            "\u201cIf Scalise was not there, he\u2019s the one with security detail, we wouldn\u2019t have had any protection and God knows how bad that might have been,\u201d Rep. Brad Wenstrup, R-Ohio, told \"Fox & Friends.\""
        ],
        [
            "Rep. Dave Brat, R-Va., acknowledged the incident has sparked new security questions for members without assigned police protection at events outside Capitol Hill."
        ],
        [
            "He, along with several other members of Congress, suggested the most critical change may be to boost security for large lawmaker gatherings, even informal ones like the baseball practice in Alexandria, Va."
        ],
        [
            "\u201cWe already had concerns and we have great law enforcement at home, first responders do a great job, but this makes you anticipate every event now in a new way,\u201d Brat said on Fox News\u2019 \u201cAmerica\u2019s News HQ\u201d on Wednesday.",
            "\u201cForty guys get together at the same time, that would be a major security event normally, but I think we got a little excited and didn\u2019t think things through as well as we could have.\u201d"
        ],
        [
            "Brat said lawmakers \u201cmay need to recalibrate public events,\u201d while also suggesting \u201ctighter security\u201d at town halls -- which most congressional lawmakers have scheduled through the summer recess.",
            "This year's town halls to date have been particularly rowdy and tense, prompting lawmaker concerns long before Wednesday's attack."
        ],
        [
            "The Wednesday attack injured Scalise; Matt Mika, a lobbyist for Tyson Foods; Zack Barth, a staffer from Texas Rep. Roger Williams\u2019 office; and two U.S. Capitol Police officers, Special Agents Crystal Griner and David Bailey."
        ],
        [
            "\u201cWithout Capitol Hill police, it would have been a massacre\u2014we had no defense\u2014we had no defense at all,\u201d Sen. Rand Paul, R-Ky., said on \"Fox & Friends.\"",
            "\u201cWe were like sitting ducks.\u201d"
        ],
        [
            "Lawmakers have appealed for more security before, including after the 2011 shooting of then-Rep. Gabrielle Giffords.",
            "A detail for every lawmaker is likely not possible -- and security already is provided for major events and lawmakers facing a specific threat."
        ],
        [
            "But there are broad questions at hand in boosting security beyond that: particularly, does it hurt democracy to put an added barrier between lawmakers and constituents?"
        ],
        [
            "\u201cI bet most members of Congress would say they don\u2019t want [a] security detail\u2014I sure don\u2019t,\u201d Rep. Mike Doyle, D-Pa., manager of the Democratic congressional baseball team, told reporters."
        ],
        [
            "Former Speaker of the House Newt Gingrich lauded the current system where lawmakers interact with the people on a regular basis in settings like grocery stores.",
            "He said the threat of the \"occasional deranged person\" should not change that."
        ],
        [
            "\u201cWe start surrounding these folks with layers of guards\u2014it will really cripple the ability to be a free society,\u201d he said on \u201cOutnumbered.\u201d"
        ],
        [
            "Gingrich added: \u201cWe are a free country, and we\u2019re gonna run the risk of freedom.\u201d"
        ],
        [
            "Rep. Williams backed Gingrich's comments in a press conference on Capitol Hill Wednesday.",
            "Rogers was injured during the attack when he dove into the dugout \u201clike a pool without water.\u201d"
        ],
        [
            "But Williams suggested he would feel \u201csafer\u201d if he were allowed to carry a gun on Capitol Hill, reminding reporters that he\u2019s \u201ca big Second Amendment guy\u201d -- and said \u201cwe probably ought to take a look at our security in big groups like that.\u201d"
        ],
        [
            "Doyle, too, suggested that could be the solution: \u201cI think when you\u2019re in an area with 30 or 40 members, where anyone can walk through, we need to re-think that\u2014but I think most members would tell you they feel fine and they\u2019re not looking for any security.\u201d"
        ],
        [
            "Rep. Thomas Massie, R-K.Y., took calls for additional security a step further on Thursday by re-introducing legislation that would allow those who have concealed carry permits in their home states to carry in Washington D.C."
        ],
        [
            "U.S. Capitol Police have not announced any increased security measures for congressional lawmakers, but said they will \u201ccontinue to provide a robust and visible presence\u201d around the Capitol."
        ],
        [
            "James Norton, who was deputy assistant secretary at Department of Homeland Security under the George W. Bush administration, told Fox News that staffing each member of Congress with a personal security detail would cost billions and acknowledged the unwillingness of some members to have additional layers of security.",
            "But he said they need to consider \u201cthe dangers\u201d that come with public forums."
        ],
        [
            "\u201cYou have to consider that there is a lot of information for the public\u2014obviously members want to give as much information as they can\u2014a lot of calendars are broadcast, social media, information is readily available,\u201d Norton said.",
            "\u201cBut there are a lot of bad actors out there looking to do harm, and vigilance needs to be taken by each member and their staff.\u201d"
        ],
        [
            "Brooke Singman is a Reporter for Fox News.",
            "Follow her on Twitter at @brookefoxnews."
        ]
    ]
}
