{
    "source": "fox",
    "main-entities": ["Barack Obama","lawmakers"],
    "main-event": "Obama urges new restrictions on assault weapons",
    "title": "Obama urges new restrictions on assault weapons, magazines as part of gun control plan",
    "url": "http://www.foxnews.com/politics/2013/01/16/obama-urges-new-restrictions-on-assault-weapons-magazines-as-part-gun-control/?utm_source=feedburner&utm_medium=feed&utm_campaign=Feed%3A+foxnews%2Fmost-popular+%28Internal+-+Most+Popular+Content%29",
    "word-count": 792,
    "date": "2013-01-16",
    "uuid": "1c959ea5-04d8-4155-97d2-eb32a5754c16",
    "triplet-uuid": "526cabb7-02a3-4adb-8e90-ec781c40c498",
    "body-paragraphs": [
        [
            "Obama urges new restrictions on assault weapons, magazines as part of gun control plan"
        ],
        [
            "President Obama called Wednesday for a new and tougher assault-weapons ban and a 10-round limit on magazines, as part of a comprehensive plan to curb gun violence that includes 23 steps he took without congressional action."
        ],
        [
            "Already facing stiff opposition from gun-rights advocates and Republican lawmakers, the president called on Congress to pass several major changes to the country's current gun laws -- some of which are already being considered like the restrictions on semi-automatic weapons and high-capacity magazines."
        ],
        [
            "Obama called as well for legislation to bar the possession and importation of armor-piercing bullets and to require criminal background checks for nearly all gun sales.",
            "The president, speaking at the White House, said he would use \"whatever weight this office holds\" to get the proposals passed."
        ],
        [
            "\"If there's even one life that can be saved, then we've got an obligation to try,\" Obama said.",
            "\"When it comes to protecting the most vulnerable among us, we must act now.",
            "... Let's do the right thing.\""
        ],
        [
            "The president was joined by four children who wrote to the White House about gun violence following the Connecticut mass shooting in which 20 children were killed.",
            "Though the administration faced some criticism for involving children in the program, they were positioned off to the side while Obama spoke."
        ],
        [
            "Despite discussions earlier about addressing the pervasive violence in the entertainment and video game industries, the president's plan did not address those issues in depth.",
            "The plan, though, does call for a range of measures to improve access to mental health services and improve safety at America's schools."
        ],
        [
            "The president, immediately after making his remarks, signed nearly two-dozen executive actions -- a step that has stirred objections from lawmakers who have warned Obama not to overstep his bounds."
        ],
        [
            "Unilaterally, Obama on Wednesday directed federal agencies to share information with the federal background check system; proposed new rules to let law enforcement run full background checks before returning a seized gun; ordered the Centers for Disease Control to research causes of gun violence; required law enforcement to trace guns from criminal investigations; and took other steps.",
            "Plus Obama is nominating ATF Acting Director Todd Jones to officially lead the agency"
        ],
        [
            "The most controversial elements of the president's plan, though, continue to be the proposals he wants Congress to pass."
        ],
        [
            "The call for universal background checks would extend to gun shows and private sales, with \"limited\" exemptions for \"certain transfers\" among family members and other situations.",
            "The administration plans to give private sellers guidance on how to run background checks as soon as possible."
        ],
        [
            "Plus the president wants to commit $4 billion to hiring more police officers, and to pass new gun trafficking laws to explicitly prohibit straw purchasing."
        ],
        [
            "The plan was already earning a mixed response from lawmakers."
        ],
        [
            "Sen. Marco Rubio, R-Fla., accused Obama of trying to \"undermine Americans' constitutional right to bear arms\" without doing enough to focus on keeping guns out of the hands of criminals and the mentally ill."
        ],
        [
            "\"Nothing the president is proposing would have stopped the massacre at Sandy Hook.",
            "President Obama is targeting the 2nd Amendment rights of law-abiding citizens instead of seriously addressing the real underlying causes of such violence,\" he said."
        ],
        [
            "Senate Democratic Leader Harry Reid said \"all options should be on the table.\""
        ],
        [
            "Texas Gov. Rick Perry, in a written statement, said: \"Guns require a finger to pull the trigger.",
            "The sad young man who did that in Newtown was clearly haunted by demons and no gun law could have saved the children in Sandy Hook Elementary from his terror.\""
        ],
        [
            "Gun-rights groups say the effort to impose more gun control measures is misguided, noting in particular that most killings in America are committed with handguns and not the assault weapons the administration intends to target.",
            "Some local officials have vowed to resist federal action."
        ],
        [
            "The National Rifle Association also plans to launch a major ad campaign.",
            "The group's first ad called Obama an \"elitist hypocrite\" for his daughters' security detail.",
            "Obama has been critical of the NRA's plan to install armed security in every school."
        ],
        [
            "The White House plan does address school security, urging Congress to help schools complete emergency plans; proposing an initiative to help schools hire up to 1,000 resource officers and mental health professionals; and proposing new training for teachers to recognize mental health issues among young people.",
            "Obama also plans to beef up mental health coverage via executive action."
        ],
        [
            "House Speaker John Boehner declined to weigh in on the merits of the president's proposals Wednesday."
        ],
        [
            "\"House committees of jurisdiction will review these recommendations.",
            "And if the Senate passes a bill, we will also take a look at that,\" Boehner spokesman Michael Steel said."
        ]
    ]
}
