{
    "article-level-annotations": {
        "author_feeling_Asa_Hutchinson": "neu",
        "author_feeling_Seth_Hutchinson": "pos",
        "author_feeling_main_event": "neu",
        "notes": "",
        "relative_stance": "left",
        "you_feeling_Asa_Hutchinson": "neu",
        "you_feeling_Seth_Hutchinson": "neu"
    },
    "phrase-level-annotations": [
        {
            "aim": "dir",
            "bias": "inf",
            "end": 274,
            "id": "p0",
            "indirect-ally-opponent-sentiment": "",
            "indirect-target-name": "",
            "notes": "",
            "polarity": "neg",
            "quote": "no",
            "speaker": "",
            "start": 177,
            "target": "Asa_Hutchinson",
            "txt": "the proposal had drawn resistance from a particularly noteworthy critic: his son, Seth Hutchinson"
        },
        {
            "aim": "dir",
            "bias": "inf",
            "end": 203,
            "id": "p2",
            "indirect-ally-opponent-sentiment": "",
            "indirect-target-name": "",
            "notes": "",
            "polarity": "pos",
            "quote": "no",
            "speaker": "",
            "start": 124,
            "target": "Seth_Hutchinson",
            "txt": "who captained their national championship-winning Quiz Bowl team in high school"
        },
        {
            "aim": "dir",
            "bias": "inf",
            "end": 70,
            "id": "p3",
            "indirect-ally-opponent-sentiment": "",
            "indirect-target-name": "",
            "notes": "",
            "polarity": "pos",
            "quote": "yes",
            "speaker": "other_pro",
            "start": 0,
            "target": "Seth_Hutchinson",
            "txt": "\u201cHe\u2019s always been concerned with justice, however he\u2019s thought of it.\u201d"
        },
        {
            "aim": "dir",
            "bias": "inf",
            "end": 196,
            "id": "p14",
            "indirect-ally-opponent-sentiment": "",
            "indirect-target-name": "",
            "notes": "",
            "polarity": "pos",
            "quote": "no",
            "speaker": "",
            "start": 149,
            "target": "Seth_Hutchinson",
            "txt": "including stints at Chuck E. Cheese\u2019s and Sears"
        },
        {
            "aim": "dir",
            "bias": "inf",
            "end": 56,
            "id": "p6",
            "indirect-ally-opponent-sentiment": "",
            "indirect-target-name": "",
            "notes": "",
            "polarity": "pos",
            "quote": "yes",
            "speaker": "Seth_Hutchinson",
            "start": 0,
            "target": "Asa_Hutchinson",
            "txt": "\u201cI love my dad, and we have a good, close relationship,\u201d"
        },
        {
            "aim": "dir",
            "bias": "inf",
            "end": 28,
            "id": "p20",
            "indirect-ally-opponent-sentiment": "",
            "indirect-target-name": "",
            "notes": "",
            "polarity": "pos",
            "quote": "yes",
            "speaker": "other_pro",
            "start": 0,
            "target": "Seth_Hutchinson",
            "txt": "\u201cHe would defend his views,\u201d"
        },
        {
            "aim": "dir",
            "bias": "inf",
            "end": 48,
            "id": "p28",
            "indirect-ally-opponent-sentiment": "",
            "indirect-target-name": "",
            "notes": "",
            "polarity": "pos",
            "quote": "no",
            "speaker": "",
            "start": 0,
            "target": "Seth_Hutchinson",
            "txt": "Seth Hutchinson, though, refused to take credit."
        }
    ],
    "triplet-uuid": "2742e9c1-2943-496f-8b23-faf5332e1612",
    "uuid": "a1794a8c-74a2-417a-8099-540b3d7d61eb"
}