{
    "article-level-annotations": {
        "author_feeling_Asa_Hutchinson": "neu",
        "author_feeling_main_event": "neu",
        "notes": "",
        "relative_stance": "center",
        "you_feeling_Asa_Hutchinson": "neu"
    },
    "phrase-level-annotations": [
        {
            "aim": "dir",
            "bias": "inf",
            "end": 275,
            "id": "p0",
            "indirect-ally-opponent-sentiment": "",
            "indirect-target-name": "",
            "notes": "",
            "polarity": "neg",
            "quote": "no",
            "speaker": "",
            "start": 120,
            "target": "Asa_Hutchinson",
            "txt": "one day after refusing to sign an earlier version of the bill over concerns about discrimination against lesbian, gay, bisexual and transgender individuals"
        },
        {
            "aim": "dir",
            "bias": "inf",
            "end": 81,
            "id": "p9",
            "indirect-ally-opponent-sentiment": "",
            "indirect-target-name": "",
            "notes": "",
            "polarity": "neg",
            "quote": "no",
            "speaker": "",
            "start": 0,
            "target": "Asa_Hutchinson",
            "txt": "Hutchinson also faced pressure from Walmart, which is headquartered in the state."
        },
        {
            "aim": "ind_general",
            "bias": "inf",
            "end": 122,
            "id": "p10",
            "indirect-ally-opponent-sentiment": "neg",
            "indirect-target-name": "Arkansas bill",
            "notes": "",
            "polarity": "neg",
            "quote": "no",
            "speaker": "",
            "start": 0,
            "target": "Asa_Hutchinson",
            "txt": "CEO Doug McMillon called on the governor to veto the bill, which he said \"threatens to undermine the spirit of inclusion.\""
        },
        {
            "aim": "dir",
            "bias": "inf",
            "end": 147,
            "id": "p8",
            "indirect-ally-opponent-sentiment": "",
            "indirect-target-name": "",
            "notes": "",
            "polarity": "pos",
            "quote": "yes",
            "speaker": "Asa_Hutchinson",
            "start": 0,
            "target": "Asa_Hutchinson",
            "txt": "\"And he gave me permission to make that reference, and it shows that families -- and there's a generational difference of opinion on these issues.\""
        }
    ],
    "triplet-uuid": "2742e9c1-2943-496f-8b23-faf5332e1612",
    "uuid": "a3865e91-25a6-450b-b0c8-db9b37981c29"
}