{
    "article-level-annotations": {
        "author_feeling_Benjamin_Netanyahu": "neu",
        "author_feeling_Joe_Biden": "neg",
        "author_feeling_Susan_Rice": "neu",
        "author_feeling_main_event": "neu",
        "notes": "voices for Netanyahu (rather than just against) from Republicans",
        "relative_stance": "right",
        "you_feeling_Benjamin_Netanyahu": "neu",
        "you_feeling_Joe_Biden": "neu",
        "you_feeling_Susan_Rice": "neu"
    },
    "phrase-level-annotations": [
        {
            "aim": "dir",
            "bias": "inf",
            "end": 53,
            "id": "p4",
            "indirect-ally-opponent-sentiment": "",
            "indirect-target-name": "",
            "notes": "",
            "polarity": "neg",
            "quote": "yes",
            "speaker": "Susan_Rice",
            "start": 0,
            "target": "Benjamin_Netanyahu",
            "txt": "\"It's destructive to the fabric of the relationship,\""
        },
        {
            "aim": "ind_general",
            "bias": "inf",
            "end": 171,
            "id": "p1",
            "indirect-ally-opponent-sentiment": "neg",
            "indirect-target-name": "John Boehner",
            "notes": "",
            "polarity": "neg",
            "quote": "no",
            "speaker": "",
            "start": 102,
            "target": "Benjamin_Netanyahu",
            "txt": "without him first conferring with the White House or State Department"
        },
        {
            "aim": "dir",
            "bias": "lex",
            "end": 54,
            "id": "p2",
            "indirect-ally-opponent-sentiment": "",
            "indirect-target-name": "",
            "notes": "",
            "polarity": "neg",
            "quote": "no",
            "speaker": "",
            "start": 38,
            "target": "Benjamin_Netanyahu",
            "txt": "diplomatic no-no"
        },
        {
            "aim": "dir",
            "bias": "lex",
            "end": 116,
            "id": "p17",
            "indirect-ally-opponent-sentiment": "",
            "indirect-target-name": "",
            "notes": "",
            "polarity": "neg",
            "quote": "no",
            "speaker": "",
            "start": 109,
            "target": "Benjamin_Netanyahu",
            "txt": "affront"
        },
        {
            "aim": "dir",
            "bias": "inf",
            "end": 96,
            "id": "p18",
            "indirect-ally-opponent-sentiment": "",
            "indirect-target-name": "",
            "notes": "",
            "polarity": "neg",
            "quote": "yes",
            "speaker": "other_anti",
            "start": 67,
            "target": "Joe_Biden",
            "txt": "\u201cappalling and unacceptable.\u201d"
        },
        {
            "aim": "dir",
            "bias": "inf",
            "end": 91,
            "id": "p23",
            "indirect-ally-opponent-sentiment": "",
            "indirect-target-name": "",
            "notes": "",
            "polarity": "neg",
            "quote": "yes",
            "speaker": "other_neutral",
            "start": 0,
            "target": "Benjamin_Netanyahu",
            "txt": "\"His refusal to meet is disappointing to those of us who have stood by Israel for decades.\""
        },
        {
            "aim": "dir",
            "bias": "inf",
            "end": 250,
            "id": "p19",
            "indirect-ally-opponent-sentiment": "",
            "indirect-target-name": "",
            "notes": "",
            "polarity": "neg",
            "quote": "yes",
            "speaker": "other_anti",
            "start": 0,
            "target": "Joe_Biden",
            "txt": "\"I don\u2019t know where Joe Biden will be or what he will be doing, but I can\u2019t believe it\u2019s more important than being in the chamber and listening to our best ally in the region -- Israel -- about the biggest threat to mankind, a nuclear-armed Iran. ..."
        },
        {
            "aim": "dir",
            "bias": "inf",
            "end": 188,
            "id": "p11",
            "indirect-ally-opponent-sentiment": "",
            "indirect-target-name": "",
            "notes": "",
            "polarity": "pos",
            "quote": "yes",
            "speaker": "Benjamin_Netanyahu",
            "start": 0,
            "target": "Benjamin_Netanyahu",
            "txt": "\"I can assure you that my sole intention in accepting it was to voice Israel's grave concerns about a potential nuclear agreement with Iran that could threaten the survival of my country,\""
        },
        {
            "aim": "dir",
            "bias": "inf",
            "end": 141,
            "id": "p12",
            "indirect-ally-opponent-sentiment": "",
            "indirect-target-name": "",
            "notes": "",
            "polarity": "neg",
            "quote": "no",
            "speaker": "",
            "start": 0,
            "target": "Benjamin_Netanyahu",
            "txt": "U.S. officials suggest Netanyahu\u2019s trip is aimed primarily at derailing a nuclear deal with Iran, a signature Obama foreign policy objective."
        },
        {
            "aim": "dir",
            "bias": "inf",
            "end": 28,
            "id": "p20",
            "indirect-ally-opponent-sentiment": "",
            "indirect-target-name": "",
            "notes": "",
            "polarity": "neg",
            "quote": "yes",
            "speaker": "other_anti",
            "start": 3,
            "target": "Joe_Biden",
            "txt": "shows complete disrespect"
        }
    ],
    "triplet-uuid": "2b9468af-4ab0-4f25-85f4-c3ef93d72006",
    "uuid": "8b93035f-edd3-48b7-b617-59399ccddca4"
}