{
    "article-level-annotations": {
        "author_feeling_Barack_Obama": "neu",
        "author_feeling_Benjamin_Netanyahu": "neg",
        "author_feeling_Susan_Rice": "neu",
        "author_feeling_main_event": "neu",
        "notes": "",
        "relative_stance": "left",
        "you_feeling_Barack_Obama": "neu",
        "you_feeling_Benjamin_Netanyahu": "neu",
        "you_feeling_Susan_Rice": "neu"
    },
    "phrase-level-annotations": [
        {
            "aim": "dir",
            "bias": "inf",
            "end": 153,
            "id": "p3",
            "indirect-ally-opponent-sentiment": "",
            "indirect-target-name": "",
            "notes": "",
            "polarity": "pos",
            "quote": "no",
            "speaker": "",
            "start": 0,
            "target": "Susan_Rice",
            "txt": "It is also the frankest acknowledgment yet by a top American official of the degree to which the controversy has damaged United States-Israeli relations."
        },
        {
            "aim": "dir",
            "bias": "inf",
            "end": 137,
            "id": "p8",
            "indirect-ally-opponent-sentiment": "",
            "indirect-target-name": "",
            "notes": "",
            "polarity": "pos",
            "quote": "no",
            "speaker": "",
            "start": 39,
            "target": "Susan_Rice",
            "txt": "Mr. Obama agreed with Ms. Rice\u2019s assessment, saying he had raised the same concerns several times."
        },
        {
            "aim": "dir",
            "bias": "inf",
            "end": 169,
            "id": "p15",
            "indirect-ally-opponent-sentiment": "",
            "indirect-target-name": "",
            "notes": "",
            "polarity": "neg",
            "quote": "no",
            "speaker": "",
            "start": 0,
            "target": "Benjamin_Netanyahu",
            "txt": "The Israeli prime minister himself has turned down a request by Democratic senators for a private meeting, Senator Richard J. Durbin, Democrat of Illinois, said Tuesday."
        },
        {
            "aim": "dir",
            "bias": "inf",
            "end": 91,
            "id": "p17",
            "indirect-ally-opponent-sentiment": "",
            "indirect-target-name": "",
            "notes": "",
            "polarity": "neg",
            "quote": "yes",
            "speaker": "other_neutral",
            "start": 0,
            "target": "Benjamin_Netanyahu",
            "txt": "\u201cHis refusal to meet is disappointing to those of us who have stood by Israel for decades.\u201d"
        },
        {
            "aim": "dir",
            "bias": "inf",
            "end": 239,
            "id": "p1",
            "indirect-ally-opponent-sentiment": "",
            "indirect-target-name": "",
            "notes": "",
            "polarity": "neg",
            "quote": "yes",
            "speaker": "Susan_Rice",
            "start": 150,
            "target": "Benjamin_Netanyahu",
            "txt": "which is not only unfortunate, I think it\u2019s destructive of the fabric of the relationship"
        },
        {
            "aim": "dir",
            "bias": "lex",
            "end": 80,
            "id": "p0",
            "indirect-ally-opponent-sentiment": "",
            "indirect-target-name": "",
            "notes": "",
            "polarity": "neg",
            "quote": "no",
            "speaker": "",
            "start": 73,
            "target": "Benjamin_Netanyahu",
            "txt": "sharply"
        },
        {
            "aim": "dir",
            "bias": "inf",
            "end": 133,
            "id": "p9",
            "indirect-ally-opponent-sentiment": "",
            "indirect-target-name": "",
            "notes": "",
            "polarity": "pos",
            "quote": "yes",
            "speaker": "other_pro",
            "start": 70,
            "target": "Barack_Obama",
            "txt": "\u201centirely consistent with what the president has already said.\u201d"
        },
        {
            "aim": "dir",
            "bias": "inf",
            "end": 150,
            "id": "p19",
            "indirect-ally-opponent-sentiment": "",
            "indirect-target-name": "",
            "notes": "",
            "polarity": "pos",
            "quote": "no",
            "speaker": "",
            "start": 88,
            "target": "Benjamin_Netanyahu",
            "txt": "\u201cdo everything I can to prevent\u201d a nuclear agreement with Iran"
        },
        {
            "aim": "dir",
            "bias": "inf",
            "end": 229,
            "id": "p23",
            "indirect-ally-opponent-sentiment": "",
            "indirect-target-name": "",
            "notes": "",
            "polarity": "pos",
            "quote": "yes",
            "speaker": "Susan_Rice",
            "start": 0,
            "target": "Susan_Rice",
            "txt": "\u201cThe point is, we want the relationship between the United States and Israel to be unquestionably strong, immutable, regardless of political seasons in either country, regardless of which party may be in charge in either country."
        }
    ],
    "triplet-uuid": "2b9468af-4ab0-4f25-85f4-c3ef93d72006",
    "uuid": "428ef98c-26e1-4a69-80fb-e95cd2b2b4ab"
}