{
    "article-level-annotations": {
        "author_feeling_Jay_Inslee": "neu",
        "author_feeling_Mike_Pence": "neu",
        "author_feeling_Religious_Freedom_Restoration_Act": "neu",
        "author_feeling_main_event": "neu",
        "notes": "",
        "relative_stance": "right",
        "you_feeling_Jay_Inslee": "neu",
        "you_feeling_Mike_Pence": "neu",
        "you_feeling_Religious_Freedom_Restoration_Act": "neu"
    },
    "phrase-level-annotations": [
        {
            "aim": "dir",
            "bias": "inf",
            "end": 147,
            "id": "p2",
            "indirect-ally-opponent-sentiment": "",
            "indirect-target-name": "",
            "notes": "",
            "polarity": "neg",
            "quote": "yes",
            "speaker": "Jay_Inslee",
            "start": 0,
            "target": "Religious_Freedom_Restoration_Act",
            "txt": "\"Washington will join other states and cities in opposing this law and I will impose an administration-wide ban on state funded travel to Indiana.\""
        },
        {
            "aim": "dir",
            "bias": "inf",
            "end": 145,
            "id": "p5",
            "indirect-ally-opponent-sentiment": "",
            "indirect-target-name": "",
            "notes": "",
            "polarity": "neg",
            "quote": "yes",
            "speaker": "Jay_Inslee",
            "start": 0,
            "target": "Religious_Freedom_Restoration_Act",
            "txt": "\"I applaud those companies and organizations that have spoken out against the law and said they would not locate or expand operations in Indiana."
        },
        {
            "aim": "dir",
            "bias": "inf",
            "end": 127,
            "id": "p10",
            "indirect-ally-opponent-sentiment": "",
            "indirect-target-name": "",
            "notes": "",
            "polarity": "neg",
            "quote": "no",
            "speaker": "",
            "start": 0,
            "target": "Religious_Freedom_Restoration_Act",
            "txt": "In addition to Connecticut and Washington, San Francisco and Seattle have also imposed bans on city-funded travel to the state."
        },
        {
            "aim": "dir",
            "bias": "inf",
            "end": 97,
            "id": "p11",
            "indirect-ally-opponent-sentiment": "",
            "indirect-target-name": "",
            "notes": "",
            "polarity": "neg",
            "quote": "no",
            "speaker": "",
            "start": 0,
            "target": "Religious_Freedom_Restoration_Act",
            "txt": "The mayors of Minnesota's Twin Cities, Minneapolis and St. Paul, have also condemned the measure."
        },
        {
            "aim": "dir",
            "bias": "inf",
            "end": 159,
            "id": "p13",
            "indirect-ally-opponent-sentiment": "",
            "indirect-target-name": "",
            "notes": "",
            "polarity": "neg",
            "quote": "no",
            "speaker": "",
            "start": 0,
            "target": "Religious_Freedom_Restoration_Act",
            "txt": "Apple chief Tim Cook called the law \"dangerous\" in a Washington Post op-ed, while Salesforce's Marc Benioff canceled the company's planned events in the state."
        },
        {
            "aim": "dir",
            "bias": "inf",
            "end": 187,
            "id": "p15",
            "indirect-ally-opponent-sentiment": "",
            "indirect-target-name": "",
            "notes": "it is directly addressed to Pence",
            "polarity": "neg",
            "quote": "yes",
            "speaker": "other_anti",
            "start": 0,
            "target": "Religious_Freedom_Restoration_Act",
            "txt": "\"Regardless of the original intention of the Religious Freedom Restoration Act, we are deeply concerned about the impact it is having on our employees and on the reputation of our state,\""
        },
        {
            "aim": "dir",
            "bias": "inf",
            "end": 62,
            "id": "p21",
            "indirect-ally-opponent-sentiment": "",
            "indirect-target-name": "",
            "notes": "",
            "polarity": "pos",
            "quote": "yes",
            "speaker": "Mike_Pence",
            "start": 0,
            "target": "Religious_Freedom_Restoration_Act",
            "txt": "Indiana\u2019s new law contains no reference to sexual orientation."
        },
        {
            "aim": "dir",
            "bias": "lex",
            "end": 36,
            "id": "p1",
            "indirect-ally-opponent-sentiment": "",
            "indirect-target-name": "",
            "notes": "",
            "polarity": "neg",
            "quote": "yes",
            "speaker": "Jay_Inslee",
            "start": 26,
            "target": "Religious_Freedom_Restoration_Act",
            "txt": "disturbing"
        },
        {
            "aim": "dir",
            "bias": "inf",
            "end": 24,
            "id": "p17",
            "indirect-ally-opponent-sentiment": "",
            "indirect-target-name": "",
            "notes": "",
            "polarity": "pos",
            "quote": "yes",
            "speaker": "Mike_Pence",
            "start": 0,
            "target": "Mike_Pence",
            "txt": "\"I abhor discrimination."
        },
        {
            "aim": "dir",
            "bias": "inf",
            "end": 95,
            "id": "p18",
            "indirect-ally-opponent-sentiment": "",
            "indirect-target-name": "",
            "notes": "",
            "polarity": "pos",
            "quote": "yes",
            "speaker": "Mike_Pence",
            "start": 0,
            "target": "Mike_Pence",
            "txt": "I believe in the Golden Rule that you should 'do unto others as you would have them do unto you"
        },
        {
            "aim": "dir",
            "bias": "inf",
            "end": 74,
            "id": "p22",
            "indirect-ally-opponent-sentiment": "",
            "indirect-target-name": "",
            "notes": "",
            "polarity": "pos",
            "quote": "yes",
            "speaker": "Mike_Pence",
            "start": 0,
            "target": "Religious_Freedom_Restoration_Act",
            "txt": "It simply mirrors federal law that President Bill Clinton signed in 1993.\""
        }
    ],
    "triplet-uuid": "4f473faf-f928-4cfd-8bed-00578be9db9a",
    "uuid": "65c55de1-8a64-46e9-8008-db05b43cb92c"
}