{
    "article-level-annotations": {
        "author_feeling_Barack_Obama": "neu",
        "author_feeling_Hillary_Clinton": "neg",
        "author_feeling_main_event": "neu",
        "notes": "Republicans voices are heard, and also questioning Democrats",
        "relative_stance": "right",
        "you_feeling_Barack_Obama": "neu",
        "you_feeling_Hillary_Clinton": "neu"
    },
    "phrase-level-annotations": [
        {
            "aim": "dir",
            "bias": "inf",
            "end": 290,
            "id": "p1",
            "indirect-ally-opponent-sentiment": "",
            "indirect-target-name": "",
            "notes": "",
            "polarity": "neg",
            "quote": "no",
            "speaker": "",
            "start": 127,
            "target": "Barack_Obama",
            "txt": "the controversial Trans Pacific Partnership trade proposal that has splintered Obama from House Minority Leader Nancy Pelosi, D-Calif., and rank-and-file Democrats"
        },
        {
            "aim": "dir",
            "bias": "inf",
            "end": 234,
            "id": "p16",
            "indirect-ally-opponent-sentiment": "",
            "indirect-target-name": "",
            "notes": "",
            "polarity": "neg",
            "quote": "yes",
            "speaker": "other_neutral",
            "start": 133,
            "target": "Hillary_Clinton",
            "txt": "didn't \"weigh in on the secretive TPP deal that could depress American wages and cost American jobs.\""
        },
        {
            "aim": "dir",
            "bias": "inf",
            "end": 133,
            "id": "p18",
            "indirect-ally-opponent-sentiment": "",
            "indirect-target-name": "",
            "notes": "",
            "polarity": "pos",
            "quote": "no",
            "speaker": "",
            "start": 0,
            "target": "Barack_Obama",
            "txt": "Republican leaders generally support Obama's trade proposal and have suggested they may try to revive the bill as early as this week."
        },
        {
            "aim": "dir",
            "bias": "inf",
            "end": 185,
            "id": "p21",
            "indirect-ally-opponent-sentiment": "",
            "indirect-target-name": "",
            "notes": "",
            "polarity": "neg",
            "quote": "no",
            "speaker": "",
            "start": 0,
            "target": "Hillary_Clinton",
            "txt": "While Clinton called the pact the \"gold standard\" of trade agreements while serving as secretary of state, she has refused to take a position on the deal since announcing her candidacy."
        },
        {
            "aim": "dir",
            "bias": "inf",
            "end": 170,
            "id": "p29",
            "indirect-ally-opponent-sentiment": "",
            "indirect-target-name": "",
            "notes": "",
            "polarity": "neg",
            "quote": "yes",
            "speaker": "other_anti",
            "start": 0,
            "target": "Hillary_Clinton",
            "txt": "\"This is someone who has voted for trade agreements when they have been good for the country and against trade agreements when she thought they were bad for the country.\""
        },
        {
            "aim": "dir",
            "bias": "inf",
            "end": 162,
            "id": "p13",
            "indirect-ally-opponent-sentiment": "",
            "indirect-target-name": "",
            "notes": "",
            "polarity": "neg",
            "quote": "no",
            "speaker": "",
            "start": 111,
            "target": "Hillary_Clinton",
            "txt": "questioned Clinton's refusal to say where she stood"
        },
        {
            "aim": "dir",
            "bias": "inf",
            "end": 185,
            "id": "p23",
            "indirect-ally-opponent-sentiment": "",
            "indirect-target-name": "",
            "notes": "",
            "polarity": "neg",
            "quote": "yes",
            "speaker": "other_anti",
            "start": 0,
            "target": "Hillary_Clinton",
            "txt": "\"By waffling on a trade deal she helped negotiate and once called a \"gold standard,\" Hillary Clinton continues to show why voters overwhelmingly see her as dishonest and untrustworthy,\""
        }
    ],
    "triplet-uuid": "8dac6c12-b5ca-468c-a249-7e0ab42f6b52",
    "uuid": "c86aca6f-3cec-4089-8a0a-2746c2020474"
}
