{
    "article-level-annotations": {
        "author_feeling_Donald_Trump": "neg",
        "author_feeling_Michael_Flynn": "neu",
        "author_feeling_main_event": "neu",
        "notes": "",
        "relative_stance": "center",
        "you_feeling_Donald_Trump": "neu",
        "you_feeling_Michael_Flynn": "neu"
    },
    "phrase-level-annotations": [
        {
            "aim": "dir",
            "bias": "inf",
            "end": 107,
            "id": "p6",
            "indirect-ally-opponent-sentiment": "",
            "indirect-target-name": "",
            "notes": "",
            "polarity": "neg",
            "quote": "no",
            "speaker": "",
            "start": 0,
            "target": "Donald_Trump",
            "txt": "Presidents typically do not weigh in on federal investigations to avoid appearing to influence the outcome."
        },
        {
            "aim": "ind_anti",
            "bias": "inf",
            "end": 70,
            "id": "p9",
            "indirect-ally-opponent-sentiment": "neg",
            "indirect-target-name": "Hillary Clinton",
            "notes": "",
            "polarity": "pos",
            "quote": "yes",
            "speaker": "Donald_Trump",
            "start": 0,
            "target": "Michael_Flynn",
            "txt": "Hillary Clinton lied many times to the F.B.I. Nothing happened to her."
        },
        {
            "aim": "dir",
            "bias": "inf",
            "end": 84,
            "id": "p11",
            "indirect-ally-opponent-sentiment": "",
            "indirect-target-name": "",
            "notes": "",
            "polarity": "neg",
            "quote": "no",
            "speaker": "",
            "start": 0,
            "target": "Donald_Trump",
            "txt": "Mr. Trump did not cite specifically what Mrs. Clinton said that he considered a lie."
        },
        {
            "aim": "ind_anti",
            "bias": "inf",
            "end": 225,
            "id": "p12",
            "indirect-ally-opponent-sentiment": "pos",
            "indirect-target-name": "Hillary Clinton",
            "notes": "not sure if target is Flynn or Trump",
            "polarity": "neg",
            "quote": "no",
            "speaker": "",
            "start": 0,
            "target": "Donald_Trump",
            "txt": "Mrs. Clinton gave a voluntary interview to the bureau in July 2016 during its investigation into whether she or her aides broke the law by corresponding through a private email server set up for her use as secretary of state."
        },
        {
            "aim": "ind_anti",
            "bias": "inf",
            "end": 125,
            "id": "p13",
            "indirect-ally-opponent-sentiment": "pos",
            "indirect-target-name": "Hillary Clinton",
            "notes": "",
            "polarity": "neg",
            "quote": "no",
            "speaker": "",
            "start": 0,
            "target": "Donald_Trump",
            "txt": "A few days later, the F.B.I. director at the time, James B. Comey, recommended no charges be filed against her in the matter."
        },
        {
            "aim": "dir",
            "bias": "inf",
            "end": 40,
            "id": "p10",
            "indirect-ally-opponent-sentiment": "",
            "indirect-target-name": "",
            "notes": "",
            "polarity": "pos",
            "quote": "yes",
            "speaker": "Donald_Trump",
            "start": 0,
            "target": "Michael_Flynn",
            "txt": "Flynn lied and they destroyed his life.\u201d"
        }
    ],
    "triplet-uuid": "0c78e748-efbf-417c-a8c1-beeb6480147f",
    "uuid": "ea48f3f5-b83d-44f0-bfcd-dcc267262604"
}