{
    "article-level-annotations": {
        "author_feeling_Democratic_lawmakers": "neu",
        "author_feeling_Neil_Gorsuch": "neg",
        "author_feeling_Republican_lawmakers": "neu",
        "author_feeling_main_event": "neu",
        "notes": "",
        "relative_stance": "liberal",
        "you_feeling_Democratic_lawmakers": "neu",
        "you_feeling_Neil_Gorsuch": "neu",
        "you_feeling_Republican_lawmakers": "neu"
    },
    "phrase-level-annotations": [
        {
            "aim": "dir",
            "bias": "inf",
            "end": 89,
            "id": "p19",
            "indirect-ally-opponent-sentiment": "",
            "indirect-target-name": "",
            "notes": "",
            "polarity": "pos",
            "quote": "no",
            "speaker": "",
            "start": 0,
            "target": "Democratic_lawmakers",
            "txt": "It is no surprise that Democrats find little need to take this opinion seriously anymore."
        },
        {
            "aim": "dir",
            "bias": "inf",
            "end": 153,
            "id": "p24",
            "indirect-ally-opponent-sentiment": "",
            "indirect-target-name": "",
            "notes": "",
            "polarity": "neg",
            "quote": "yes",
            "speaker": "Democratic_lawmakers",
            "start": 0,
            "target": "Republican_lawmakers",
            "txt": "\u201cSome likened it to the action of the tyrannical kings who claim that they have sole control, as one of our senators referred to here a few minutes ago.\u201d"
        },
        {
            "aim": "dir",
            "bias": "inf",
            "end": 426,
            "id": "p30",
            "indirect-ally-opponent-sentiment": "",
            "indirect-target-name": "",
            "notes": "",
            "polarity": "neg",
            "quote": "no",
            "speaker": "",
            "start": 0,
            "target": "Republican_lawmakers",
            "txt": "These included Citizens United v. Federal Election Commission, which opened the door to unlimited corporate spending in politics; Shelby County v. Holder, which overturned a key section of the voting rights act; and numerous pro-corporate decisions limiting the rights of citizens to challenge corporations in courts, reducing the ability of states to protect patient and privacy and allowing mutual funds to lie to investors."
        },
        {
            "aim": "dir",
            "bias": "lex",
            "end": 191,
            "id": "p6",
            "indirect-ally-opponent-sentiment": "",
            "indirect-target-name": "",
            "notes": "",
            "polarity": "neg",
            "quote": "no",
            "speaker": "",
            "start": 185,
            "target": "Republican_lawmakers",
            "txt": "rigged"
        },
        {
            "aim": "ind_general",
            "bias": "lex",
            "end": 125,
            "id": "p15",
            "indirect-ally-opponent-sentiment": "neg",
            "indirect-target-name": "John Roberts",
            "notes": "",
            "polarity": "neg",
            "quote": "yes",
            "speaker": "Democratic_lawmakers",
            "start": 115,
            "target": "Republican_lawmakers",
            "txt": "fake story"
        },
        {
            "aim": "ind_pro",
            "bias": "lex",
            "end": 36,
            "id": "p31",
            "indirect-ally-opponent-sentiment": "neg",
            "indirect-target-name": "Mazie Hirono",
            "notes": "",
            "polarity": "neg",
            "quote": "no",
            "speaker": "",
            "start": 29,
            "target": "Democratic_lawmakers",
            "txt": "blasted"
        },
        {
            "aim": "ind_anti",
            "bias": "inf",
            "end": 26,
            "id": "p27",
            "indirect-ally-opponent-sentiment": "pos",
            "indirect-target-name": "Merrick Garland",
            "notes": "this sentence is a pair with previous sentence",
            "polarity": "neg",
            "quote": "yes",
            "speaker": "Democratic_lawmakers",
            "start": 0,
            "target": "Republican_lawmakers",
            "txt": "That\u2019s what it was about.\u201d"
        },
        {
            "aim": "dir",
            "bias": "lex",
            "end": 153,
            "id": "p39",
            "indirect-ally-opponent-sentiment": "",
            "indirect-target-name": "",
            "notes": "",
            "polarity": "neg",
            "quote": "yes",
            "speaker": "Democratic_lawmakers",
            "start": 134,
            "target": "Republican_lawmakers",
            "txt": "ocean of dark money"
        }
    ],
    "triplet-uuid": "47a209b0-fc26-4a0a-a1fe-e4310d1d2419",
    "uuid": "f0a234a6-9142-44dd-abc3-e12336a00c75"
}