{
    "article-level-annotations": {
        "author_feeling_Donald_Trump": "neg",
        "author_feeling_Joe_Lieberman": "neg",
        "author_feeling_main_event": "neg",
        "notes": "",
        "relative_stance": "liberal",
        "you_feeling_Donald_Trump": "neu",
        "you_feeling_Joe_Lieberman": "neu"
    },
    "phrase-level-annotations": [
        {
            "aim": "dir",
            "bias": "inf",
            "end": 144,
            "id": "p11",
            "indirect-ally-opponent-sentiment": "",
            "indirect-target-name": "",
            "notes": "",
            "polarity": "neg",
            "quote": "yes",
            "speaker": "other_anti",
            "start": 0,
            "target": "Donald_Trump",
            "txt": "\u201cIt is contrary to everything the FBI is about and it undermines the confidence that the public needs to have in the independence of the agency."
        },
        {
            "aim": "dir",
            "bias": "inf",
            "end": 234,
            "id": "p16",
            "indirect-ally-opponent-sentiment": "",
            "indirect-target-name": "",
            "notes": "",
            "polarity": "neg",
            "quote": "yes",
            "speaker": "other_anti",
            "start": 126,
            "target": "Donald_Trump",
            "txt": "There couldn\u2019t possibly be worse time to take the unprecedented step of handing the FBI over to a politician"
        },
        {
            "aim": "ind_anti",
            "bias": "lex",
            "end": 105,
            "id": "p18",
            "indirect-ally-opponent-sentiment": "neg",
            "indirect-target-name": "Democratic senators",
            "notes": "",
            "polarity": "pos",
            "quote": "no",
            "speaker": "",
            "start": 98,
            "target": "Donald_Trump",
            "txt": "trashed"
        },
        {
            "aim": "dir",
            "bias": "inf",
            "end": 179,
            "id": "p25",
            "indirect-ally-opponent-sentiment": "",
            "indirect-target-name": "",
            "notes": "",
            "polarity": "neg",
            "quote": "no",
            "speaker": "",
            "start": 72,
            "target": "Donald_Trump",
            "txt": "a stunning move that occurred amid the FBI\u2019s ongoing investigation into the Trump campaign\u2019s ties to Russia"
        },
        {
            "aim": "dir",
            "bias": "inf",
            "end": 125,
            "id": "p26",
            "indirect-ally-opponent-sentiment": "",
            "indirect-target-name": "",
            "notes": "",
            "polarity": "neg",
            "quote": "no",
            "speaker": "",
            "start": 0,
            "target": "Donald_Trump",
            "txt": "A series of explosive reports over the last week have heightened the appearance that Trump interfered with the investigation."
        },
        {
            "aim": "dir",
            "bias": "lex",
            "end": 76,
            "id": "p7",
            "indirect-ally-opponent-sentiment": "",
            "indirect-target-name": "",
            "notes": "",
            "polarity": "neg",
            "quote": "no",
            "speaker": "",
            "start": 70,
            "target": "Joe_Lieberman",
            "txt": "severe"
        },
        {
            "aim": "dir",
            "bias": "lex",
            "end": 109,
            "id": "p9",
            "indirect-ally-opponent-sentiment": "",
            "indirect-target-name": "",
            "notes": "",
            "polarity": "neg",
            "quote": "yes",
            "speaker": "other_anti",
            "start": 98,
            "target": "Donald_Trump",
            "txt": "\u201cshocking.\u201d"
        },
        {
            "aim": "dir",
            "bias": "lex",
            "end": 73,
            "id": "p19",
            "indirect-ally-opponent-sentiment": "",
            "indirect-target-name": "",
            "notes": "",
            "polarity": "neg",
            "quote": "no",
            "speaker": "",
            "start": 65,
            "target": "Donald_Trump",
            "txt": "terrible"
        },
        {
            "aim": "dir",
            "bias": "inf",
            "end": 29,
            "id": "p20",
            "indirect-ally-opponent-sentiment": "",
            "indirect-target-name": "",
            "notes": "",
            "polarity": "neg",
            "quote": "no",
            "speaker": "",
            "start": 0,
            "target": "Joe_Lieberman",
            "txt": "Not a one defended Lieberman."
        },
        {
            "aim": "dir",
            "bias": "inf",
            "end": 263,
            "id": "p23",
            "indirect-ally-opponent-sentiment": "",
            "indirect-target-name": "",
            "notes": "",
            "polarity": "neg",
            "quote": "no",
            "speaker": "",
            "start": 241,
            "target": "Joe_Lieberman",
            "txt": "who is a friend of his"
        },
        {
            "aim": "dir",
            "bias": "lex",
            "end": 82,
            "id": "p25",
            "indirect-ally-opponent-sentiment": "",
            "indirect-target-name": "",
            "notes": "",
            "polarity": "neg",
            "quote": "no",
            "speaker": "",
            "start": 74,
            "target": "Donald_Trump",
            "txt": "stunning"
        },
        {
            "aim": "dir",
            "bias": "lex",
            "end": 21,
            "id": "p26",
            "indirect-ally-opponent-sentiment": "",
            "indirect-target-name": "",
            "notes": "",
            "polarity": "neg",
            "quote": "no",
            "speaker": "",
            "start": 12,
            "target": "Donald_Trump",
            "txt": "explosive"
        },
        {
            "aim": "dir",
            "bias": "inf",
            "end": 248,
            "id": "p27",
            "indirect-ally-opponent-sentiment": "",
            "indirect-target-name": "",
            "notes": "",
            "polarity": "neg",
            "quote": "no",
            "speaker": "",
            "start": 0,
            "target": "Donald_Trump",
            "txt": "In particular, The New York Times reported that Trump asked Comey to shut down a separate probe into former national security adviser Michael Flynn\u2019s contacts with Russian officials, according to a memo Comey wrote to document a meeting with Trump."
        }
    ],
    "triplet-uuid": "72fa9b13-4e59-4716-8df9-4c3580e7dddf",
    "uuid": "b152cae7-1552-48e0-8d23-b5cceb51915f"
}