{
    "article-level-annotations": {
        "author_feeling_Donald_Trump": "pos",
        "author_feeling_main_event": "pos",
        "notes": "",
        "relative_stance": "right",
        "you_feeling_Donald_Trump": "str-neg"
    },
    "phrase-level-annotations": [
        {
            "aim": "dir",
            "bias": "lex",
            "end": 40,
            "id": "p8",
            "indirect-ally-opponent-sentiment": "",
            "notes": "",
            "polarity": "pos",
            "quote": "no",
            "speaker": "",
            "start": 30,
            "target": "Donald_Trump",
            "txt": "remarkable"
        },
        {
            "aim": "dir",
            "bias": "lex",
            "end": 165,
            "id": "p18",
            "indirect-ally-opponent-sentiment": "",
            "notes": "",
            "polarity": "neg",
            "quote": "no",
            "speaker": "",
            "start": 157,
            "target": "Donald_Trump",
            "txt": "attempts"
        },
        {
            "aim": "dir",
            "bias": "inf",
            "end": 44,
            "id": "p4",
            "indirect-ally-opponent-sentiment": "",
            "notes": "direct (Trump == speech) or indirect (speech =/= Trump)?",
            "polarity": "neg",
            "quote": "no",
            "speaker": "",
            "start": 0,
            "target": "Donald_Trump",
            "txt": "The speech did not delve into policy details"
        },
        {
            "aim": "ind_anti",
            "bias": "inf",
            "end": 163,
            "id": "p21",
            "indirect-ally-opponent-sentiment": "neg",
            "indirect-target-name": "Democrats",
            "notes": "",
            "polarity": "pos",
            "quote": "no",
            "speaker": "",
            "start": 0,
            "target": "Donald_Trump",
            "txt": "His advisers have complained that Democrats are slowing the process, and resisting the kind of swift confirmation the Senate gave many of Obama\u2019s nominees in 2009."
        },
        {
            "aim": "ind_anti",
            "bias": "inf",
            "end": 149,
            "id": "p23",
            "indirect-ally-opponent-sentiment": "neg",
            "indirect-target-name": "demonstrators",
            "notes": "",
            "polarity": "pos",
            "quote": "no",
            "speaker": "",
            "start": 0,
            "target": "Donald_Trump",
            "txt": "Some blocked checkpoints and forced their temporary closure earlier Friday morning, while elsewhere demonstrators resorted to violence and vandalism."
        },
        {
            "aim": "ind_anti",
            "bias": "inf",
            "end": 72,
            "id": "p24",
            "indirect-ally-opponent-sentiment": "neg",
            "indirect-target-name": "demonstrators",
            "notes": "",
            "polarity": "pos",
            "quote": "no",
            "speaker": "",
            "start": 0,
            "target": "Donald_Trump",
            "txt": "They clashed with police later in the afternoon, amid dozens of arrests."
        },
        {
            "aim": "ind_anti",
            "bias": "inf",
            "end": 129,
            "id": "p26",
            "indirect-ally-opponent-sentiment": "neg",
            "indirect-target-name": "Hillary Clinton",
            "notes": "",
            "polarity": "pos",
            "quote": "no",
            "speaker": "",
            "start": 49,
            "target": "Donald_Trump",
            "txt": "whose loss to Trump marked one of the biggest upsets in modern political history"
        },
        {
            "aim": "dir",
            "bias": "lex",
            "end": 24,
            "id": "p10",
            "indirect-ally-opponent-sentiment": "",
            "notes": "",
            "polarity": "neg",
            "quote": "no",
            "speaker": "",
            "start": 3,
            "target": "Donald_Trump",
            "txt": "blunt and unvarnished"
        }
    ],
    "triplet-uuid": "84b3c118-50d2-45a5-a91f-7ed95b5d0143",
    "uuid": "1bd4b16c-e71f-4421-b4e4-67679001fb2f"
}