{
    "article-level-annotations": {
        "author_feeling_Donald_Trump": "neg",
        "author_feeling_Roy_Moore": "neu",
        "author_feeling_main_event": "neu",
        "notes": "",
        "relative_stance": "center",
        "you_feeling_Donald_Trump": "neu",
        "you_feeling_Roy_Moore": "neu"
    },
    "phrase-level-annotations": [
        {
            "aim": "ind_anti",
            "bias": "inf",
            "end": 87,
            "id": "p4",
            "indirect-ally-opponent-sentiment": "neu",
            "indirect-target-name": "Washington Post",
            "notes": "",
            "polarity": "neg",
            "quote": "no",
            "speaker": "",
            "start": 0,
            "target": "Roy_Moore",
            "txt": "The Post reporters talked to more than 30 sources in the course of their investigation."
        },
        {
            "aim": "dir",
            "bias": "lex",
            "end": 64,
            "id": "p7",
            "indirect-ally-opponent-sentiment": "",
            "indirect-target-name": "",
            "notes": "",
            "polarity": "neg",
            "quote": "no",
            "speaker": "",
            "start": 35,
            "target": "Donald_Trump",
            "txt": "bragging about sexual assault"
        },
        {
            "aim": "dir",
            "bias": "lex",
            "end": 97,
            "id": "p0",
            "indirect-ally-opponent-sentiment": "",
            "indirect-target-name": "",
            "notes": "",
            "polarity": "neg",
            "quote": "no",
            "speaker": "",
            "start": 88,
            "target": "Roy_Moore",
            "txt": "bombshell"
        },
        {
            "aim": "dir",
            "bias": "inf",
            "end": 163,
            "id": "p6",
            "indirect-ally-opponent-sentiment": "",
            "indirect-target-name": "",
            "notes": "",
            "polarity": "neg",
            "quote": "no",
            "speaker": "",
            "start": 0,
            "target": "Donald_Trump",
            "txt": "During his 2016 campaign, Trump dismissed allegations of sexual misconduct against himself from more than a dozen women and threatened to sue some of his accusers."
        },
        {
            "aim": "dir",
            "bias": "inf",
            "end": 119,
            "id": "p7",
            "indirect-ally-opponent-sentiment": "",
            "indirect-target-name": "",
            "notes": "",
            "polarity": "neg",
            "quote": "no",
            "speaker": "",
            "start": 0,
            "target": "Donald_Trump",
            "txt": "He claimed that a 2005 tape of him bragging about sexual assault, which was released last fall, was \u201clocker room talk.\u201d"
        },
        {
            "aim": "dir",
            "bias": "inf",
            "end": 98,
            "id": "p11",
            "indirect-ally-opponent-sentiment": "",
            "indirect-target-name": "",
            "notes": "",
            "polarity": "neg",
            "quote": "no",
            "speaker": "",
            "start": 65,
            "target": "Donald_Trump",
            "txt": "deleting tweets in support of him"
        },
        {
            "aim": "dir",
            "bias": "inf",
            "end": 107,
            "id": "p12",
            "indirect-ally-opponent-sentiment": "",
            "indirect-target-name": "",
            "notes": "",
            "polarity": "neg",
            "quote": "no",
            "speaker": "",
            "start": 0,
            "target": "Donald_Trump",
            "txt": "And the day after the primary, the president tweeted in support of Moore, calling him \u201ca really great guy.\u201d"
        }
    ],
    "triplet-uuid": "be026bd1-52b1-4789-bfd3-3632af17b054",
    "uuid": "e927160f-3829-4de2-a46e-7dae3e3ab2a2"
}