{
    "article-level-annotations": {
        "author_feeling_Donald_Trump": "neu",
        "author_feeling_Roy_Moore": "neu",
        "author_feeling_main_event": "neu",
        "notes": "",
        "relative_stance": "right",
        "you_feeling_Donald_Trump": "neu",
        "you_feeling_Roy_Moore": "neu"
    },
    "phrase-level-annotations": [
        {
            "aim": "ind_anti",
            "bias": "lex",
            "end": 94,
            "id": "p4",
            "indirect-ally-opponent-sentiment": "neg",
            "indirect-target-name": "Washington Post",
            "notes": "",
            "polarity": "pos",
            "quote": "yes",
            "speaker": "Roy_Moore",
            "start": 43,
            "target": "Roy_Moore",
            "txt": "\"the Obama-Clinton machine's liberal media lapdogs\""
        },
        {
            "aim": "ind_anti",
            "bias": "inf",
            "end": 199,
            "id": "p5",
            "indirect-ally-opponent-sentiment": "neg",
            "indirect-target-name": "mainstream media",
            "notes": "",
            "polarity": "pos",
            "quote": "yes",
            "speaker": "Roy_Moore",
            "start": 54,
            "target": "Roy_Moore",
            "txt": "\"The forces of evil will lie, cheat, steal \u2013\u2013 even inflict physical harm \u2013\u2013 if they believe it will silence and shut up Christian conservatives.\""
        },
        {
            "aim": "ind_anti",
            "bias": "lex",
            "end": 69,
            "id": "p14",
            "indirect-ally-opponent-sentiment": "neg",
            "indirect-target-name": "Leigh Corfman",
            "notes": "",
            "polarity": "pos",
            "quote": "no",
            "speaker": "",
            "start": 59,
            "target": "Roy_Moore",
            "txt": "apparently"
        },
        {
            "aim": "ind_anti",
            "bias": "inf",
            "end": 133,
            "id": "p22",
            "indirect-ally-opponent-sentiment": "neg",
            "indirect-target-name": "national liberal organizations",
            "notes": "",
            "polarity": "pos",
            "quote": "yes",
            "speaker": "other_pro",
            "start": 0,
            "target": "Roy_Moore",
            "txt": "\u201cNational liberal organizations know their chosen candidate Doug Jones is in a death spiral, and this is their last ditch Hail Mary,\u201d"
        },
        {
            "aim": "ind_anti",
            "bias": "inf",
            "end": 230,
            "id": "p24",
            "indirect-ally-opponent-sentiment": "neg",
            "indirect-target-name": "Democratic party",
            "notes": "",
            "polarity": "pos",
            "quote": "yes",
            "speaker": "other_pro",
            "start": 0,
            "target": "Roy_Moore",
            "txt": "So it is no surprise, with just over four weeks remaining, in a race for the U.S. Senate with national implications, that the Democratic Party and the country\u2019s most liberal newspaper would come up with a fabrication of this kind."
        },
        {
            "aim": "ind_anti",
            "bias": "inf",
            "end": 78,
            "id": "p25",
            "indirect-ally-opponent-sentiment": "neg",
            "indirect-target-name": "Democrats",
            "notes": "",
            "polarity": "pos",
            "quote": "yes",
            "speaker": "other_pro",
            "start": 0,
            "target": "Roy_Moore",
            "txt": "\u201cThis garbage is the very definition of fake news and intentional defamation,\u201d"
        },
        {
            "aim": "dir",
            "bias": "inf",
            "end": 187,
            "id": "p26",
            "indirect-ally-opponent-sentiment": "",
            "indirect-target-name": "",
            "notes": "",
            "polarity": "neg",
            "quote": "no",
            "speaker": "",
            "start": 0,
            "target": "Roy_Moore",
            "txt": "The Post noted that the legal age of consent in the state is 16, and sexual contact by anyone 19 or older with anyone between 12 and 16 years old is considered second-degree sexual abuse."
        },
        {
            "aim": "dir",
            "bias": "lex",
            "end": 183,
            "id": "p4",
            "indirect-ally-opponent-sentiment": "",
            "indirect-target-name": "",
            "notes": "",
            "polarity": "neg",
            "quote": "no",
            "speaker": "",
            "start": 176,
            "target": "Roy_Moore",
            "txt": "staunch"
        },
        {
            "aim": "dir",
            "bias": "lex",
            "end": 106,
            "id": "p19",
            "indirect-ally-opponent-sentiment": "",
            "indirect-target-name": "",
            "notes": "",
            "polarity": "neg",
            "quote": "yes",
            "speaker": "other_anti",
            "start": 88,
            "target": "Roy_Moore",
            "txt": "\u201cdeeply troubling\u201d"
        }
    ],
    "triplet-uuid": "be026bd1-52b1-4789-bfd3-3632af17b054",
    "uuid": "1b3805dc-511e-4d30-9b45-1c5d93c5daa1"
}