{
    "article-level-annotations": {
        "author_feeling_Kathy_Griffin": "neg",
        "author_feeling_main_event": "neu",
        "notes": "",
        "relative_stance": "right",
        "you_feeling_Kathy_Griffin": "neu"
    },
    "phrase-level-annotations": [
        {
            "aim": "dir",
            "bias": "inf",
            "end": 62,
            "id": "p20",
            "indirect-ally-opponent-sentiment": "",
            "indirect-target-name": "",
            "notes": "",
            "polarity": "pos",
            "quote": "yes",
            "speaker": "other_pro",
            "start": 0,
            "target": "Kathy_Griffin",
            "txt": "We didn't kill anybody nor do I feel anybody should be killed."
        },
        {
            "aim": "dir",
            "bias": "inf",
            "end": 98,
            "id": "p3",
            "indirect-ally-opponent-sentiment": "",
            "indirect-target-name": "",
            "notes": "",
            "polarity": "neg",
            "quote": "yes",
            "speaker": "Kathy_Griffin",
            "start": 55,
            "target": "Kathy_Griffin",
            "txt": "\"I've made a lot of mistakes in my career.\""
        },
        {
            "aim": "ind_pro",
            "bias": "inf",
            "end": 60,
            "id": "p27",
            "indirect-ally-opponent-sentiment": "neg",
            "indirect-target-name": "Tyler Shields",
            "notes": "",
            "polarity": "neg",
            "quote": "no",
            "speaker": "",
            "start": 0,
            "target": "Kathy_Griffin",
            "txt": "The photo was criticized for making light of domestic abuse."
        },
        {
            "aim": "dir",
            "bias": "inf",
            "end": 61,
            "id": "p33",
            "indirect-ally-opponent-sentiment": "",
            "indirect-target-name": "",
            "notes": "",
            "polarity": "pos",
            "quote": "yes",
            "speaker": "other_pro",
            "start": 0,
            "target": "Kathy_Griffin",
            "txt": "I love Kathy and I hope they let me visit her in Guantanamo.\""
        },
        {
            "aim": "dir",
            "bias": "lex",
            "end": 22,
            "id": "p0",
            "indirect-ally-opponent-sentiment": "",
            "indirect-target-name": "",
            "notes": "",
            "polarity": "neg",
            "quote": "no",
            "speaker": "",
            "start": 14,
            "target": "Kathy_Griffin",
            "txt": "admitted"
        },
        {
            "aim": "ind_general",
            "bias": "lex",
            "end": 8,
            "id": "p1",
            "indirect-ally-opponent-sentiment": "neg",
            "indirect-target-name": "photo",
            "notes": "",
            "polarity": "neg",
            "quote": "no",
            "speaker": "",
            "start": 4,
            "target": "Kathy_Griffin",
            "txt": "gory"
        },
        {
            "aim": "ind_pro",
            "bias": "inf",
            "end": 122,
            "id": "p1",
            "indirect-ally-opponent-sentiment": "neg",
            "indirect-target-name": "Tyler Shields",
            "notes": "",
            "polarity": "neg",
            "quote": "no",
            "speaker": "",
            "start": 91,
            "target": "Kathy_Griffin",
            "txt": "known for his shocking pictures"
        },
        {
            "aim": "ind_pro",
            "bias": "lex",
            "end": 94,
            "id": "p0",
            "indirect-ally-opponent-sentiment": "neg",
            "indirect-target-name": "Tyler Shields",
            "notes": "",
            "polarity": "neg",
            "quote": "no",
            "speaker": "",
            "start": 81,
            "target": "Kathy_Griffin",
            "txt": "controversial"
        },
        {
            "aim": "dir",
            "bias": "inf",
            "end": 149,
            "id": "p4",
            "indirect-ally-opponent-sentiment": "",
            "indirect-target-name": "",
            "notes": "",
            "polarity": "neg",
            "quote": "no",
            "speaker": "",
            "start": 30,
            "target": "Kathy_Griffin",
            "txt": "Griffin joked with Shields on set they would need to move to Mexico after the photos were released or fear imprisonment"
        },
        {
            "aim": "dir",
            "bias": "inf",
            "end": 61,
            "id": "p9",
            "indirect-ally-opponent-sentiment": "",
            "indirect-target-name": "",
            "notes": "",
            "polarity": "neg",
            "quote": "no",
            "speaker": "",
            "start": 0,
            "target": "Kathy_Griffin",
            "txt": "Chelsea Clinton called it \"vile and wrong\" in a Twitter post."
        },
        {
            "aim": "ind_pro",
            "bias": "inf",
            "end": 65,
            "id": "p25",
            "indirect-ally-opponent-sentiment": "neg",
            "indirect-target-name": "Tyler Shields",
            "notes": "",
            "polarity": "neg",
            "quote": "no",
            "speaker": "",
            "start": 0,
            "target": "Kathy_Griffin",
            "txt": "This is hardly the first time Shields' photos have caused uproar."
        }
    ],
    "triplet-uuid": "d16050b3-979f-4834-90db-b8823691b87e",
    "uuid": "5fb52d5e-fe3c-4f16-8ddb-419f198df929"
}