{
    "source": "hpo",
    "main-entities": ["Blake Farenthold"],
    "main-event": "Blake Farenthold resigns from Congress",
    "title": "GOP Rep. Blake Farenthold Resigns After Sexual Harassment Allegations",
    "url": "https://www.huffingtonpost.com/entry/blake-farenthold-resignation-sexual-harassment_us_5ab17db0e4b054d118dddf24",
    "word-count": 406,
    "date": "2018-04-06",
    "uuid": "c16938aa-d402-4b97-8aff-c8bc99a11c3c",
    "triplet-uuid": "06ffda2d-1caf-45ba-99e2-268aac1bf0e1",
    "body-paragraphs": [
        [
            "GOP Rep. Blake Farenthold Resigns After Sexual Harassment Allegations"
        ],
        [
            "Rep. Blake Farenthold (R-Texas) is resigning from Congress, he announced Friday in a statement and accompanying video."
        ],
        [
            "Farenthold declared in December that he would not seek re-election in 2018 after reports emerged that he\u2019d used taxpayer money to settle sexual harassment claims.",
            "A few of his GOP colleagues urged him to resign over the accusations, which Farenthold has repeatedly denied."
        ],
        [
            "\u201cWhile I planned on serving out the remainder of my term in Congress, I know in my heart it\u2019s time for me to move along and look for new ways to serve,\u201d he said in the statement."
        ],
        [
            "In his video, flanked by an American flag and a Texas state flag, he added: \u201cYou know, I look forward to staying in touch with everyone.",
            "It\u2019s been an honor and a privilege to serve.",
            "Thank you so much.",
            "Please, stay in touch.",
            "I love y\u2019all.",
            "God bless you, God bless Texas, God bless America.\u201d"
        ],
        [
            "Farenthold\u2019s resignation took effect Friday at 5 p.m. Eastern time.",
            "He promptly deleted his Twitter and Facebook profiles."
        ],
        [
            "Farenthold used $84,000 in taxpayer funds to settle a sexual harassment lawsuit his former communications director, Lauren Greene, had filed in 2014, Politico reported in December.",
            "Greene accused Farenthold of telling her he had \u201csexual fantasies\u201d and \u201cwet dreams\u201d about her, and then claimed she was fired after complaining to Farenthold."
        ],
        [
            "\u201cI had no idea how to run a congressional office,\u201d the four-term congressman said in December.",
            "\u201cAs a result, I allowed a workplace culture to take root in my office that was too permissive and decidedly unprofessional.\u201d"
        ],
        [
            "Farenthold said after the reports broke that he would repay the $84,000 to the Treasury Department, but has not made good on that promise.",
            "A representative for his office told HuffPost in February that the congressman was waiting to see what changes lawmakers will add to the Congressional Accountability Act."
        ],
        [
            "\u201cHe is waiting on the advice of counsel to see what final bill is enacted,\u201d Bob Haueter, Farenthold\u2019s chief of staff, told HuffPost at the time.",
            "\u201cOnce the final bill is done and the law is changed and is complete and he can see that, he will make a determination of how he proceeds.\u201d"
        ],
        [
            "In his resignation statement, Farenthold reflected on his time spent working to \u201cmake government more efficient and responsive, cut government spending, repeal Obamacare, protect life and reduce the debt.\u201d"
        ],
        [
            "\u201cI would like to thank my staff both in Washington and Texas for all of their hard work on behalf of our constituents. I would also like to thank my family for their unwavering support and most importantly the people that elected me,\u201d he said."
        ]
    ]
}
