{
    "keywords": "",
    "word-count": 1124,
    "date": "2018-01-22",
    "uuid": "ba818730-bd59-4a1c-94ff-58141a581896",
    "body-paragraphs": [
        [
            "Senate Democrats\u2019 Vote to End Shutdown Infuriates Some on the Left"
        ],
        [
            "WASHINGTON \u2014 The decision by Senate Democrats to end the government shutdown on Monday in exchange for a promised immigration vote enraged liberals, who accused the lawmakers of betrayal and threatened to mount primaries against some of the Democrats who voted yes."
        ],
        [
            "Regardless of what happens in the Senate, progressive and immigrant advocacy groups said House Republican leaders will never take up a bill that would offer legal status to young undocumented immigrants brought to the country as children without excruciating concessions on other immigration issues.",
            "They accused Senator Chuck Schumer of New York, the Democratic leader, and moderate Democratic senators of capitulating to protect senators up for re-election in November in Republican-leaning states."
        ],
        [
            "\u201cThey blinked because they\u2019ll always put the party and the success of the party first,\u201d said Representative Luis V. Guti\u00e9rrez of Illinois, one of the leading Democratic advocates for immigrants, complaining that Hispanics got short shrift.",
            "\u201cIt\u2019s the one word they know in Spanish: ma\u00f1ana.\u201d"
        ],
        [
            "The hasty retreat by 33 Senate Democrats was particularly humiliating in the immediate aftermath of the anniversary of the Women\u2019s March, which saw thousands of activists reconvene in cities across the country to protest against President Trump and congressional Republicans.",
            "Liberal groups such as MoveOn.org began urging members to sign up on Monday for rallies aimed at pressuring Republicans to protect the young undocumented immigrants known as Dreamers."
        ],
        [
            "By noon, their own ostensible allies in Congress had buckled."
        ],
        [
            "\u201cThe grass-roots are rightly furious with a slew of elected Democrats,\u201d said Ben Wikler, the Washington director of MoveOn.org.",
            "\u201cIn the Obama years, Republicans learned to be more afraid of primary challenges than general elections.",
            "But Democrats are still operating as though the Tea Party is more powerful than The Resistance.\u201d"
        ],
        [
            "The anger on the left was reminiscent of conservative unrest that fueled primary race challenges against sitting Republican senators accused of appeasing an opposition president, Barack Obama, and his congressional allies."
        ],
        [
            "Mr. Schumer, determined to keep the fissures in his party coalition muted, used a meeting of Senate Democrats before the vote to urge the liberals in his caucus not to criticize those voting to reopen the government, according to one senator who spoke on the condition of anonymity to discuss a private meeting."
        ],
        [
            "And for the most part, the liberal senators who opposed the agreement held their fire.",
            "Democrats have largely avoided the internal insurrections that upended Republicans over the past decade.",
            "Mr. Schumer is not a figure of derision on the left as Mr. McConnell is on the right."
        ],
        [
            "And Senate Democrats have crushed most primary election challenges easily.",
            "Senate leaders have intervened freely in a number of 2018 races \u2014 in states like Arizona and Tennessee \u2014 to anoint more moderate standard-bearers."
        ],
        [
            "Former Senator Byron L. Dorgan, Democrat of North Dakota, said Democrats from the more rural states that make up much of the 2018 map would prefer to battle over issues other than immigration.",
            "The Obama-era program that protected young undocumented immigrants \u2014 Deferred Action for Childhood Arrivals, or DACA \u2014 is an important issue, he said, but \u201cit isn\u2019t the bread and butter of successful Democrat politics.\u201d"
        ],
        [
            "\u201cOur major issues are jobs, Medicare, Medicaid, CHIP, Social Security, infrastructure, supporting domestic programs, clean air, safe drinking water,\u201d Mr. Dorgan said, adding of his conservative-state brethren, \u201cWhile those Democrats do strongly support DACA, I\u2019m sure they would prefer to be discussing different issues.\u201d"
        ],
        [
            "But the patience of the left may be running thin.",
            "By appearing to retreat on Monday, Democrats have stirred new talk on the left about challenging incumbents who had previously given little thought to their own nominations."
        ],
        [
            "Faiz Shakir, the political director of the American Civil Liberties Union and an adviser to former Senator Harry Reid of Nevada, said the group and its allies were actively exploring places to intervene in primary elections."
        ],
        [
            "Mr. Shakir said of some Democrats that it is an \u201copen question, still, whether they\u2019re going to fight for Dreamers.\u201d"
        ],
        [
            "Right now, only one Democratic senator faces a serious primary challenge: Senator Dianne Feinstein of California, who voted against the government-funding deal and complained privately that she and most of her colleagues had been asked to vote on Friday against a nearly identical measure to keep the government open."
        ],
        [
            "Ms. Feinstein has tacked to the left since Kevin de L\u00e9on, the president of the California State Senate, announced his challenge to her in October."
        ],
        [
            "Mr. de L\u00e9on said Monday that Democrats had made a grave mistake striking \u201canother fingers-crossed bargain with Donald Trump and Mitch McConnell.\u201d"
        ],
        [
            "Mr. de L\u00e9on said he had called and left a voice mail message with Thomas E. Perez, the Democratic National Committee chairman, and planned to convey that Democrats had sent a terrible message to \u201cvoters of color and millennial voters who feel like they\u2019ve been abandoned.\u201d"
        ],
        [
            "\u201cOnce again, the party\u2019s leaders in Washington have capitulated, compromised and redrawn a line in the sand even further away from justice,\u201d he said."
        ],
        [
            "One House Democrat is already under fire for not taking a stronger stance on behalf of immigrants: Representative Daniel Lipinski of Illinois, a moderate Democrat from Chicago who is facing a primary race challenger, Marie Newman, in March."
        ],
        [
            "\u201cI asked him to sign on to Dream bill.",
            "He said, \u2018I don\u2019t think I can do that,\u2019\u201d said Mr. Guti\u00e9rrez, whoendorsed Ms. Newman last week.",
            "(Mr. Lipinski opposed the measure in 2010 but has said in recent months that he would support it if it comes to the House floor.)"
        ],
        [
            "The chances of a successful primary election challenge in the Senate are far more remote.",
            "Many of the Democrats facing re-election in November hail from states that Mr. Trump carried and are more concerned about well-funded Republican opponents than liberal challengers."
        ],
        [
            "Of the 10 Democrats who gathered outside the Senate chamber after the vote to crow about their bipartisan agreement, six are on the ballot this year."
        ],
        [
            "\u201cIf you want results, you have to compromise, and if you\u2019re unwilling to compromise, you won\u2019t get results,\u201d said Senator Heidi Heitkamp, Democrat of North Dakota.",
            "\u201cYou maybe get a political issue, but you won\u2019t get results.",
            "And I didn\u2019t come here to do politics.\u201d"
        ],
        [
            "Progressives, however, are already eyeing one of the Democrats who pushed for a compromise: Senator Amy Klobuchar of Minnesota.",
            "On a conference call convened Sunday night by liberal groups, there was notable anger toward Ms. Klobuchar, according to two participants."
        ],
        [
            "Ms. Klobuchar, however, illustrates why the Democratic base may find it difficult to inflict payback: She is broadly popular with liberals in Minnesota, and the shutdown fight has come late enough in the congressional calendar to leave any would-be challenger with little time to prepare."
        ],
        [
            "\u201cI have been working hard for the people of Minnesota, and I think the people of Minnesota understand that, including in my party,\u201d Ms. Klobuchar said."
        ]
    ],
    "triplet-uuid": "1ed4f378-b9d4-43b8-8d50-53d0cc063332",
    "title": "Senate Democrats\u2019 Vote to End Shutdown Infuriates Some on the Left",
    "source": "nyt",
    "url": "https://www.nytimes.com/2018/01/22/us/politics/liberal-activists-democrats-betrayal-shutdown.html",
    "main-event": "Schumer bashed by the left over shutdown-ending deal",
    "main-entities": ["Democratic Lawmakers", "Republican Lawmakers"]
}
