{
    "article-level-annotations": {
        "author_feeling_Adam_Schiff": "neg",
        "author_feeling_Donald_Trump": "neu",
        "author_feeling_GOP_committee_members": "neu",
        "author_feeling_main_event": "neu",
        "notes": "",
        "relative_stance": "conservative",
        "you_feeling_Adam_Schiff": "neu",
        "you_feeling_Donald_Trump": "neu",
        "you_feeling_GOP_committee_members": "neu"
    },
    "phrase-level-annotations": [
        {
            "aim": "dir",
            "bias": "inf",
            "end": 121,
            "id": "p4",
            "indirect-ally-opponent-sentiment": "",
            "indirect-target-name": "",
            "notes": "",
            "polarity": "neg",
            "quote": "yes",
            "speaker": "GOP_committee_members",
            "start": 1,
            "target": "Adam_Schiff",
            "txt": "We have no faith in your ability to discharge your duties in a manner consistent with your Constitutional responsibility"
        },
        {
            "aim": "dir",
            "bias": "inf",
            "end": 88,
            "id": "p7",
            "indirect-ally-opponent-sentiment": "",
            "indirect-target-name": "",
            "notes": "",
            "polarity": "neg",
            "quote": "yes",
            "speaker": "Donald_Trump",
            "start": 26,
            "target": "Adam_Schiff",
            "txt": "who spent two years knowingly and unlawfully lying and leaking"
        },
        {
            "aim": "dir",
            "bias": "lex",
            "end": 33,
            "id": "p9",
            "indirect-ally-opponent-sentiment": "",
            "indirect-target-name": "",
            "notes": "",
            "polarity": "neg",
            "quote": "yes",
            "speaker": "other_anti",
            "start": 23,
            "target": "Adam_Schiff",
            "txt": "outrageous"
        },
        {
            "aim": "dir",
            "bias": "lex",
            "end": 104,
            "id": "p1",
            "indirect-ally-opponent-sentiment": "",
            "indirect-target-name": "",
            "notes": "",
            "polarity": "neg",
            "quote": "no",
            "speaker": "",
            "start": 97,
            "target": "Adam_Schiff",
            "txt": "slammed"
        },
        {
            "aim": "dir",
            "bias": "lex",
            "end": 57,
            "id": "p12",
            "indirect-ally-opponent-sentiment": "",
            "indirect-target-name": "",
            "notes": "",
            "polarity": "neg",
            "quote": "no",
            "speaker": "",
            "start": 45,
            "target": "Adam_Schiff",
            "txt": "doubled down"
        },
        {
            "aim": "dir",
            "bias": "inf",
            "end": 84,
            "id": "p24",
            "indirect-ally-opponent-sentiment": "",
            "indirect-target-name": "",
            "notes": "",
            "polarity": "pos",
            "quote": "no",
            "speaker": "",
            "start": 0,
            "target": "Adam_Schiff",
            "txt": "A Pelosi aide said Schiff was being attacked because he's done \"an outstanding job.\""
        },
        {
            "aim": "dir",
            "bias": "inf",
            "end": 99,
            "id": "p3",
            "indirect-ally-opponent-sentiment": "",
            "indirect-target-name": "",
            "notes": "",
            "polarity": "neg",
            "quote": "yes",
            "speaker": "GOP_committee_members",
            "start": 0,
            "target": "Adam_Schiff",
            "txt": "\u201cYour actions both past and present are incompatible with your duty as Chairman of this Committee,\u201d"
        },
        {
            "aim": "dir",
            "bias": "inf",
            "end": 147,
            "id": "p16",
            "indirect-ally-opponent-sentiment": "",
            "indirect-target-name": "",
            "notes": "",
            "polarity": "neg",
            "quote": "yes",
            "speaker": "other_anti",
            "start": 124,
            "target": "Adam_Schiff",
            "txt": "\u201cundermining the faith\u201d"
        },
        {
            "aim": "dir",
            "bias": "inf",
            "end": 63,
            "id": "p19",
            "indirect-ally-opponent-sentiment": "",
            "indirect-target-name": "",
            "notes": "implies GOP thinks it's ok",
            "polarity": "neg",
            "quote": "yes",
            "speaker": "Adam_Schiff",
            "start": 0,
            "target": "GOP_committee_members",
            "txt": "\u201cYou might think that\u2019s okay that they lied about the meeting,\u201d"
        }
    ],
    "triplet-uuid": "b7021938-ff8d-42ea-adec-5704c0b65237",
    "uuid": "3bc7d2c3-d9b2-43d5-b34b-d36dd0b0ac49"
}