{
    "article-level-annotations": {
        "author_feeling_Donald_Trump": "neg",
        "author_feeling_Michael_Bloomberg": "neu",
        "author_feeling_main_event": "neu",
        "notes": "more negative quotes, cites some negative information outside of quotes, but not as liberal as #3",
        "relative_stance": "center",
        "you_feeling_Donald_Trump": "neu",
        "you_feeling_Michael_Bloomberg": "neu"
    },
    "pair-uuid": "472158a1-4e39-4214-8397-904e66f2b4c5",
    "phrase-level-annotations": [
        {
            "aim": "dir",
            "bias": "inf",
            "end": 196,
            "id": "p1",
            "indirect-ally-opponent-sentiment": "",
            "indirect-target-name": "",
            "notes": "",
            "polarity": "neg",
            "quote": "no",
            "speaker": "",
            "start": 105,
            "target": "Donald_Trump",
            "txt": "Trump was a \u201cdangerous demagogue\u201d and a bad businessman who would be a disastrous president"
        },
        {
            "aim": "dir",
            "bias": "inf",
            "end": 260,
            "id": "p3",
            "indirect-ally-opponent-sentiment": "",
            "indirect-target-name": "",
            "notes": "",
            "polarity": "neg",
            "quote": "no",
            "speaker": "",
            "start": 116,
            "target": "Donald_Trump",
            "txt": "Trump\u2019s career is characterized by a litany of collapses and missteps, and that the Republican presidential nominee\u2019s boasts don\u2019t match reality"
        },
        {
            "aim": "dir",
            "bias": "inf",
            "end": 210,
            "id": "p5",
            "indirect-ally-opponent-sentiment": "",
            "indirect-target-name": "",
            "notes": "",
            "polarity": "neg",
            "quote": "yes",
            "speaker": "Michael_Bloomberg",
            "start": 24,
            "target": "Donald_Trump",
            "txt": "Trump has left behind a well-documented record of bankruptcies, thousands of lawsuits, angry stockholders and contractors who feel cheated and disillusioned customers who feel ripped off"
        },
        {
            "aim": "dir",
            "bias": "inf",
            "end": 82,
            "id": "p6",
            "indirect-ally-opponent-sentiment": "",
            "indirect-target-name": "",
            "notes": "",
            "polarity": "neg",
            "quote": "yes",
            "speaker": "Michael_Bloomberg",
            "start": 71,
            "target": "Donald_Trump",
            "txt": "God help us"
        },
        {
            "aim": "dir",
            "bias": "inf",
            "end": 69,
            "id": "p8",
            "indirect-ally-opponent-sentiment": "",
            "indirect-target-name": "",
            "notes": "",
            "polarity": "neg",
            "quote": "yes",
            "speaker": "Michael_Bloomberg",
            "start": 16,
            "target": "Donald_Trump",
            "txt": "the richest thing about Donald Trump is his hypocrisy"
        },
        {
            "aim": "dir",
            "bias": "inf",
            "end": 88,
            "id": "p14",
            "indirect-ally-opponent-sentiment": "",
            "indirect-target-name": "",
            "notes": "",
            "polarity": "neg",
            "quote": "yes",
            "speaker": "Michael_Bloomberg",
            "start": 28,
            "target": "Donald_Trump",
            "txt": "I didn\u2019t start it with a million-dollar check from my father"
        },
        {
            "aim": "dir",
            "bias": "inf",
            "end": 104,
            "id": "p9",
            "indirect-ally-opponent-sentiment": "",
            "indirect-target-name": "",
            "notes": "",
            "polarity": "neg",
            "quote": "no",
            "speaker": "",
            "start": 0,
            "target": "Donald_Trump",
            "txt": "Trump claims great wealth, but won\u2019t disclose his real net worth and refuses to release his tax returns."
        },
        {
            "aim": "dir",
            "bias": "inf",
            "end": 81,
            "id": "p10",
            "indirect-ally-opponent-sentiment": "",
            "indirect-target-name": "",
            "notes": "",
            "polarity": "neg",
            "quote": "no",
            "speaker": "",
            "start": 0,
            "target": "Donald_Trump",
            "txt": "The real-estate developer also reacts defensively when his success is questioned."
        },
        {
            "aim": "dir",
            "bias": "inf",
            "end": 54,
            "id": "p21",
            "indirect-ally-opponent-sentiment": "",
            "indirect-target-name": "",
            "notes": "",
            "polarity": "neg",
            "quote": "yes",
            "speaker": "Michael_Bloomberg",
            "start": 30,
            "target": "Donald_Trump",
            "txt": "a disaster in the making"
        },
        {
            "aim": "dir",
            "bias": "inf",
            "end": 264,
            "id": "p22",
            "indirect-ally-opponent-sentiment": "",
            "indirect-target-name": "",
            "notes": "",
            "polarity": "neg",
            "quote": "yes",
            "speaker": "Michael_Bloomberg",
            "start": 0,
            "target": "Donald_Trump",
            "txt": "He would make it harder for small businesses to compete, do great damage to our economy, threaten the retirement savings of millions of Americans, lead to greater debt and more unemployment, erode our influence around the world and make our communities less safe.\u201d"
        },
        {
            "aim": "ind_anti",
            "bias": "lex",
            "end": 140,
            "id": "p0",
            "indirect-ally-opponent-sentiment": "pos",
            "indirect-target-name": "Hillary Clinton",
            "notes": "",
            "polarity": "neg",
            "quote": "yes",
            "speaker": "Michael_Bloomberg",
            "start": 115,
            "target": "Donald_Trump",
            "txt": "\u201csane, competent person,\u201d"
        },
        {
            "aim": "dir",
            "bias": "lex",
            "end": 56,
            "id": "p2",
            "indirect-ally-opponent-sentiment": "",
            "indirect-target-name": "",
            "notes": "",
            "polarity": "neg",
            "quote": "yes",
            "speaker": "Michael_Bloomberg",
            "start": 53,
            "target": "Donald_Trump",
            "txt": "con"
        }
    ],
    "uuid": "9889aa14-9681-46c9-92af-36fb1bf108b1"
}