{
    "article-level-annotations": {
        "author_feeling_Donald_Trump": "neg",
        "author_feeling_Michael_Bloomberg": "neu",
        "author_feeling_main_event": "neu",
        "notes": "bashes Trump when contrasting him with Bloomberg",
        "relative_stance": "liberal",
        "you_feeling_Donald_Trump": "neu",
        "you_feeling_Michael_Bloomberg": "neu"
    },
    "phrase-level-annotations": [
        {
            "aim": "dir",
            "bias": "lex",
            "end": 38,
            "id": "p0",
            "indirect-ally-opponent-sentiment": "",
            "indirect-target-name": "",
            "notes": "",
            "polarity": "neg",
            "quote": "no",
            "speaker": "",
            "start": 34,
            "target": "Michael_Bloomberg",
            "txt": "rage"
        },
        {
            "aim": "dir",
            "bias": "inf",
            "end": 14,
            "id": "p2",
            "indirect-ally-opponent-sentiment": "",
            "indirect-target-name": "",
            "notes": "",
            "polarity": "neg",
            "quote": "yes",
            "speaker": "Michael_Bloomberg",
            "start": 0,
            "target": "Donald_Trump",
            "txt": "\u201cGod help us.\u201d"
        },
        {
            "aim": "dir",
            "bias": "inf",
            "end": 110,
            "id": "p4",
            "indirect-ally-opponent-sentiment": "",
            "indirect-target-name": "",
            "notes": "",
            "polarity": "pos",
            "quote": "no",
            "speaker": "",
            "start": 59,
            "target": "Michael_Bloomberg",
            "txt": "Mr. Bloomberg is known as a generous philanthropist"
        },
        {
            "aim": "dir",
            "bias": "inf",
            "end": 163,
            "id": "p4",
            "indirect-ally-opponent-sentiment": "",
            "indirect-target-name": "",
            "notes": "",
            "polarity": "neg",
            "quote": "no",
            "speaker": "",
            "start": 112,
            "target": "Donald_Trump",
            "txt": "Mr. Trump appears to have been flinty in his giving"
        },
        {
            "aim": "dir",
            "bias": "inf",
            "end": 105,
            "id": "p5",
            "indirect-ally-opponent-sentiment": "",
            "indirect-target-name": "",
            "notes": "",
            "polarity": "pos",
            "quote": "no",
            "speaker": "",
            "start": 0,
            "target": "Michael_Bloomberg",
            "txt": "Mr. Bloomberg is a supporter of the arts and aligns himself with Manhattan\u2019s sophisticated cultural scene"
        },
        {
            "aim": "dir",
            "bias": "inf",
            "end": 140,
            "id": "p5",
            "indirect-ally-opponent-sentiment": "",
            "indirect-target-name": "",
            "notes": "",
            "polarity": "neg",
            "quote": "no",
            "speaker": "",
            "start": 107,
            "target": "Donald_Trump",
            "txt": "Mr. Trump relishes in being crude"
        },
        {
            "aim": "dir",
            "bias": "inf",
            "end": 66,
            "id": "p7",
            "indirect-ally-opponent-sentiment": "",
            "indirect-target-name": "",
            "notes": "",
            "polarity": "pos",
            "quote": "no",
            "speaker": "",
            "start": 0,
            "target": "Michael_Bloomberg",
            "txt": "Mr. Bloomberg is not overly ostentatious for a man of great wealth"
        },
        {
            "aim": "dir",
            "bias": "inf",
            "end": 111,
            "id": "p7",
            "indirect-ally-opponent-sentiment": "",
            "indirect-target-name": "",
            "notes": "",
            "polarity": "neg",
            "quote": "no",
            "speaker": "",
            "start": 68,
            "target": "Donald_Trump",
            "txt": "Mr. Trump loves to show off his possessions"
        },
        {
            "aim": "dir",
            "bias": "inf",
            "end": 105,
            "id": "p9",
            "indirect-ally-opponent-sentiment": "",
            "indirect-target-name": "",
            "notes": "",
            "polarity": "neg",
            "quote": "yes",
            "speaker": "other_neutral",
            "start": 0,
            "target": "Donald_Trump",
            "txt": "\u201cTrump hasn\u2019t been part of the business, political or charitable community since the Koch administration."
        },
        {
            "aim": "dir",
            "bias": "inf",
            "end": 147,
            "id": "p14",
            "indirect-ally-opponent-sentiment": "",
            "indirect-target-name": "",
            "notes": "",
            "polarity": "pos",
            "quote": "no",
            "speaker": "",
            "start": 90,
            "target": "Donald_Trump",
            "txt": "playing peacemaker and showing deference to Mr. Bloomberg"
        },
        {
            "aim": "dir",
            "bias": "inf",
            "end": 107,
            "id": "p24",
            "indirect-ally-opponent-sentiment": "",
            "indirect-target-name": "",
            "notes": "quote paraphrasing Bloomberg",
            "polarity": "neg",
            "quote": "yes",
            "speaker": "other_neutral",
            "start": 93,
            "target": "Donald_Trump",
            "txt": "Trump is crazy"
        },
        {
            "aim": "dir",
            "bias": "inf",
            "end": 26,
            "id": "p25",
            "indirect-ally-opponent-sentiment": "",
            "indirect-target-name": "",
            "notes": "quote paraphrasing Bloomberg",
            "polarity": "neg",
            "quote": "yes",
            "speaker": "other_neutral",
            "start": 0,
            "target": "Donald_Trump",
            "txt": "\u201cAnd you can\u2019t fix crazy.\u201d"
        },
        {
            "aim": "dir",
            "bias": "inf",
            "end": 192,
            "id": "p0",
            "indirect-ally-opponent-sentiment": "",
            "indirect-target-name": "",
            "notes": "",
            "polarity": "neg",
            "quote": "no",
            "speaker": "",
            "start": 125,
            "target": "Donald_Trump",
            "txt": "labeling him a public menace and hinting that he was not quite sane"
        },
        {
            "aim": "dir",
            "bias": "inf",
            "end": 273,
            "id": "p27",
            "indirect-ally-opponent-sentiment": "",
            "indirect-target-name": "",
            "notes": "",
            "polarity": "neg",
            "quote": "no",
            "speaker": "",
            "start": 31,
            "target": "Michael_Bloomberg",
            "txt": "Mr. Trump voiced skepticism that Mr. Bloomberg was worth as much as Forbes magazine estimated and speculated that Mr. Bloomberg\u2019s company, which provides data terminals to financial firms and wealthy individuals, was vulnerable to competitors"
        }
    ],
    "triplet-uuid": "472158a1-4e39-4214-8397-904e66f2b4c5",
    "uuid": "aa0d8255-1e70-4563-9aad-2538d1cb57e4"
}