{
    "article-level-annotations": {
        "author_feeling_Donald_Trump": "neu",
        "author_feeling_Michael_Bloomberg": "neu",
        "author_feeling_main_event": "neu",
        "notes": "is article negative toward Trump? Uses many negative quotes, but not sure if that indicates article sentiment. not conservative at all, but less liberal than the other 2",
        "relative_stance": "conservative",
        "you_feeling_Donald_Trump": "str-neg",
        "you_feeling_Michael_Bloomberg": "neu"
    },
    "pair-uuid": "472158a1-4e39-4214-8397-904e66f2b4c5",
    "phrase-level-annotations": [
        {
            "aim": "dir",
            "bias": "lex",
            "end": 125,
            "id": "p4",
            "indirect-ally-opponent-sentiment": "",
            "indirect-target-name": "",
            "notes": "",
            "polarity": "neg",
            "quote": "yes",
            "speaker": "Michael_Bloomberg",
            "start": 104,
            "target": "Donald_Trump",
            "txt": "\"dangerous demagogue\""
        },
        {
            "aim": "dir",
            "bias": "lex",
            "end": 147,
            "id": "p4",
            "indirect-ally-opponent-sentiment": "",
            "indirect-target-name": "",
            "notes": "",
            "polarity": "neg",
            "quote": "yes",
            "speaker": "Michael_Bloomberg",
            "start": 132,
            "target": "Donald_Trump",
            "txt": "\"bomb-thrower.\""
        },
        {
            "aim": "dir",
            "bias": "inf",
            "end": 153,
            "id": "p5",
            "indirect-ally-opponent-sentiment": "",
            "indirect-target-name": "",
            "notes": "",
            "polarity": "neg",
            "quote": "yes",
            "speaker": "Michael_Bloomberg",
            "start": 63,
            "target": "Donald_Trump",
            "txt": "\"I\u2019ve built a business, and I didn\u2019t start it with a million-dollar check from my father.\""
        },
        {
            "aim": "dir",
            "bias": "inf",
            "end": 223,
            "id": "p6",
            "indirect-ally-opponent-sentiment": "",
            "indirect-target-name": "",
            "notes": "",
            "polarity": "neg",
            "quote": "yes",
            "speaker": "Michael_Bloomberg",
            "start": 38,
            "target": "Donald_Trump",
            "txt": "\"left behind a well-documented record of bankruptcies and thousands of lawsuits and angry shareholders and contractors who feel cheated and disillusioned customers who feel ripped off.\""
        },
        {
            "aim": "dir",
            "bias": "inf",
            "end": 11,
            "id": "p8",
            "indirect-ally-opponent-sentiment": "",
            "indirect-target-name": "",
            "notes": "",
            "polarity": "neg",
            "quote": "yes",
            "speaker": "Michael_Bloomberg",
            "start": 0,
            "target": "Donald_Trump",
            "txt": "God help us"
        },
        {
            "aim": "dir",
            "bias": "inf",
            "end": 101,
            "id": "p8",
            "indirect-ally-opponent-sentiment": "",
            "indirect-target-name": "",
            "notes": "",
            "polarity": "neg",
            "quote": "yes",
            "speaker": "Michael_Bloomberg",
            "start": 45,
            "target": "Donald_Trump",
            "txt": "\"the richest thing about Donald Trump is his hypocrisy.\""
        },
        {
            "aim": "dir",
            "bias": "inf",
            "end": 71,
            "id": "p13",
            "indirect-ally-opponent-sentiment": "",
            "indirect-target-name": "",
            "notes": "",
            "polarity": "neg",
            "quote": "no",
            "speaker": "",
            "start": 0,
            "target": "Donald_Trump",
            "txt": "He deemed Trump's economic plan \"a con\" and \"a disaster in the making.\""
        }
    ],
    "uuid": "ded2909d-3f05-4ba2-a9f5-777a69b215db"
}