{
    "article-level-annotations": {
        "author_feeling_Donald_Trump": "neu",
        "author_feeling_National_Enquirer": "neu",
        "author_feeling_Ted_Cruz": "neu",
        "author_feeling_main_event": "neu",
        "notes": "",
        "relative_stance": "center",
        "you_feeling_Donald_Trump": "neu",
        "you_feeling_National_Enquirer": "neu",
        "you_feeling_Ted_Cruz": "neu"
    },
    "pair-uuid": "59f2f47c-5da0-4fbc-be6e-4f15d45d82e2",
    "phrase-level-annotations": [
        {
            "aim": "dir",
            "bias": "lex",
            "end": 74,
            "id": "p7",
            "indirect-ally-opponent-sentiment": "",
            "indirect-target-name": "",
            "notes": "",
            "polarity": "neg",
            "quote": "yes",
            "speaker": "Ted_Cruz",
            "start": 66,
            "target": "Donald_Trump",
            "txt": "henchmen"
        },
        {
            "aim": "dir",
            "bias": "lex",
            "end": 5,
            "id": "p18",
            "indirect-ally-opponent-sentiment": "",
            "indirect-target-name": "",
            "notes": "",
            "polarity": "neg",
            "quote": "yes",
            "speaker": "Donald_Trump",
            "start": 1,
            "target": "Ted_Cruz",
            "txt": "Lyin"
        },
        {
            "aim": "dir",
            "bias": "lex",
            "end": 17,
            "id": "p19",
            "indirect-ally-opponent-sentiment": "",
            "indirect-target-name": "",
            "notes": "",
            "polarity": "neg",
            "quote": "yes",
            "speaker": "Donald_Trump",
            "start": 13,
            "target": "Ted_Cruz",
            "txt": "Lyin"
        },
        {
            "aim": "dir",
            "bias": "inf",
            "end": 87,
            "id": "p22",
            "indirect-ally-opponent-sentiment": "",
            "indirect-target-name": "",
            "notes": "",
            "polarity": "neg",
            "quote": "yes",
            "speaker": "Ted_Cruz",
            "start": 37,
            "target": "Donald_Trump",
            "txt": "you're more of a coward than I thought. #classless"
        },
        {
            "aim": "ind_pro",
            "bias": "lex",
            "end": 42,
            "id": "p15",
            "indirect-ally-opponent-sentiment": "neg",
            "indirect-target-name": "Melania Trump",
            "notes": "",
            "polarity": "neg",
            "quote": "no",
            "speaker": "",
            "start": 30,
            "target": "Donald_Trump",
            "txt": "sprawled out"
        },
        {
            "aim": "dir",
            "bias": "inf",
            "end": 41,
            "id": "p6",
            "indirect-ally-opponent-sentiment": "",
            "indirect-target-name": "",
            "notes": "",
            "polarity": "neg",
            "quote": "yes",
            "speaker": "Ted_Cruz",
            "start": 0,
            "target": "National_Enquirer",
            "txt": "\u201cIt is garbage, complete and utter lies,\u201d"
        },
        {
            "aim": "dir",
            "bias": "inf",
            "end": 88,
            "id": "p2",
            "indirect-ally-opponent-sentiment": "",
            "indirect-target-name": "",
            "notes": "",
            "polarity": "neg",
            "quote": "yes",
            "speaker": "Ted_Cruz",
            "start": 0,
            "target": "Donald_Trump",
            "txt": "\u201cI don\u2019t make a habit out of supporting people who attack my wife and attack my family,\u201d"
        },
        {
            "aim": "dir",
            "bias": "lex",
            "end": 22,
            "id": "p7",
            "indirect-ally-opponent-sentiment": "",
            "indirect-target-name": "",
            "notes": "",
            "polarity": "neg",
            "quote": "yes",
            "speaker": "Ted_Cruz",
            "start": 17,
            "target": "National_Enquirer",
            "txt": "smear"
        }
    ],
    "uuid": "72ccb51d-e0ed-45a4-a683-cef1a33c4689"
}