{
    "article-level-annotations": {
        "author_feeling_Barack_Obama": "neu",
        "author_feeling_Donald_Trump": "neu",
        "author_feeling_Hillary_Clinton": "neu",
        "author_feeling_main_event": "neu",
        "notes": "",
        "relative_stance": "center",
        "you_feeling_Barack_Obama": "neu",
        "you_feeling_Donald_Trump": "neu",
        "you_feeling_Hillary_Clinton": "neu"
    },
    "pair-uuid": "76810849-0335-4ad3-9eaf-f0d9c5baceb6",
    "phrase-level-annotations": [
        {
            "aim": "dir",
            "bias": "lex",
            "end": 52,
            "id": "p1",
            "indirect-ally-opponent-sentiment": "",
            "indirect-target-name": "",
            "notes": "",
            "polarity": "neg",
            "quote": "yes",
            "speaker": "Donald_Trump",
            "start": 39,
            "target": "Barack_Obama",
            "txt": "disgracefully"
        },
        {
            "aim": "dir",
            "bias": "inf",
            "end": 28,
            "id": "p5",
            "indirect-ally-opponent-sentiment": "",
            "indirect-target-name": "",
            "notes": "",
            "polarity": "neg",
            "quote": "yes",
            "speaker": "Donald_Trump",
            "start": 8,
            "target": "Barack_Obama",
            "txt": "our leaders are weak"
        },
        {
            "aim": "dir",
            "bias": "inf",
            "end": 191,
            "id": "p17",
            "indirect-ally-opponent-sentiment": "",
            "indirect-target-name": "",
            "notes": "",
            "polarity": "neg",
            "quote": "no",
            "speaker": "",
            "start": 119,
            "target": "Donald_Trump",
            "txt": "even though the Orlando gunman was an American citizen, born in New York"
        },
        {
            "aim": "dir",
            "bias": "lex",
            "end": 61,
            "id": "p19",
            "indirect-ally-opponent-sentiment": "",
            "indirect-target-name": "",
            "notes": "sarcastic quotes?",
            "polarity": "neg",
            "quote": "no",
            "speaker": "",
            "start": 47,
            "target": "Donald_Trump",
            "txt": "\"major speech\""
        },
        {
            "aim": "dir",
            "bias": "lex",
            "end": 75,
            "id": "p0",
            "indirect-ally-opponent-sentiment": "",
            "indirect-target-name": "",
            "notes": "",
            "polarity": "neg",
            "quote": "no",
            "speaker": "",
            "start": 66,
            "target": "Donald_Trump",
            "txt": "bombastic"
        },
        {
            "aim": "dir",
            "bias": "inf",
            "end": 88,
            "id": "p4",
            "indirect-ally-opponent-sentiment": "",
            "indirect-target-name": "",
            "notes": "",
            "polarity": "neg",
            "quote": "yes",
            "speaker": "Donald_Trump",
            "start": 0,
            "target": "Barack_Obama",
            "txt": "\"If we do not get tough and smart real fast, we are not going to have a country anymore."
        }
    ],
    "uuid": "0692a19b-2db5-446d-adbe-552e73d47b6a"
}