{
    "article-level-annotations": {
        "author_feeling_Donald_Trump": "neu",
        "author_feeling_Ruth_Bader_Ginsburg": "neg",
        "author_feeling_main_event": "neg",
        "notes": "polarizing on both sides",
        "relative_stance": "center",
        "you_feeling_Donald_Trump": "str-neg",
        "you_feeling_Ruth_Bader_Ginsburg": "neu"
    },
    "pair-uuid": "8385a996-1afc-4778-a06d-7070a8f19e27",
    "phrase-level-annotations": [
        {
            "aim": "dir",
            "bias": "lex",
            "end": 162,
            "id": "p0",
            "indirect-ally-opponent-sentiment": "",
            "indirect-target-name": "",
            "notes": "",
            "polarity": "neg",
            "quote": "no",
            "speaker": "",
            "start": 150,
            "target": "Ruth_Bader_Ginsburg",
            "txt": "doubled down"
        },
        {
            "aim": "dir",
            "bias": "inf",
            "end": 268,
            "id": "p0",
            "indirect-ally-opponent-sentiment": "",
            "indirect-target-name": "",
            "notes": "",
            "polarity": "neg",
            "quote": "no",
            "speaker": "",
            "start": 224,
            "target": "Donald_Trump",
            "txt": "a \u201cfaker\u201d who is unqualified to be president"
        },
        {
            "aim": "dir",
            "bias": "inf",
            "end": 149,
            "id": "p1",
            "indirect-ally-opponent-sentiment": "",
            "indirect-target-name": "",
            "notes": "",
            "polarity": "neg",
            "quote": "no",
            "speaker": "",
            "start": 0,
            "target": "Ruth_Bader_Ginsburg",
            "txt": "Even political figures and newspaper editorial writers who might agree with the comments swiftly said they were out of line for a high court justice."
        },
        {
            "aim": "dir",
            "bias": "inf",
            "end": 113,
            "id": "p3",
            "indirect-ally-opponent-sentiment": "",
            "indirect-target-name": "",
            "notes": "",
            "polarity": "neg",
            "quote": "yes",
            "speaker": "Donald_Trump",
            "start": 0,
            "target": "Ruth_Bader_Ginsburg",
            "txt": "Justice Ginsburg of the U.S. Supreme Court has embarrassed all by making very dumb political statements about me."
        },
        {
            "aim": "dir",
            "bias": "inf",
            "end": 26,
            "id": "p4",
            "indirect-ally-opponent-sentiment": "",
            "indirect-target-name": "",
            "notes": "",
            "polarity": "neg",
            "quote": "yes",
            "speaker": "Donald_Trump",
            "start": 0,
            "target": "Ruth_Bader_Ginsburg",
            "txt": "Her mind is shot - resign!"
        },
        {
            "aim": "dir",
            "bias": "inf",
            "end": 124,
            "id": "p6",
            "indirect-ally-opponent-sentiment": "",
            "indirect-target-name": "",
            "notes": "",
            "polarity": "neg",
            "quote": "yes",
            "speaker": "Ruth_Bader_Ginsburg",
            "start": 0,
            "target": "Donald_Trump",
            "txt": "\u201cI can\u2019t imagine what this place would be \u2014 I can\u2019t imagine what the country would be -- with Donald Trump as our president."
        },
        {
            "aim": "dir",
            "bias": "lex",
            "end": 16,
            "id": "p9",
            "indirect-ally-opponent-sentiment": "",
            "indirect-target-name": "",
            "notes": "",
            "polarity": "neg",
            "quote": "no",
            "speaker": "",
            "start": 4,
            "target": "Ruth_Bader_Ginsburg",
            "txt": "doubled down"
        },
        {
            "aim": "dir",
            "bias": "inf",
            "end": 59,
            "id": "p9",
            "indirect-ally-opponent-sentiment": "",
            "indirect-target-name": "",
            "notes": "",
            "polarity": "neg",
            "quote": "yes",
            "speaker": "Ruth_Bader_Ginsburg",
            "start": 43,
            "target": "Donald_Trump",
            "txt": "\u201cHe is a faker.\u201d"
        },
        {
            "aim": "dir",
            "bias": "inf",
            "end": 33,
            "id": "p10",
            "indirect-ally-opponent-sentiment": "",
            "indirect-target-name": "",
            "notes": "",
            "polarity": "neg",
            "quote": "yes",
            "speaker": "Ruth_Bader_Ginsburg",
            "start": 0,
            "target": "Donald_Trump",
            "txt": "\"He has no consistency about him."
        },
        {
            "aim": "dir",
            "bias": "inf",
            "end": 51,
            "id": "p11",
            "indirect-ally-opponent-sentiment": "",
            "indirect-target-name": "",
            "notes": "",
            "polarity": "neg",
            "quote": "yes",
            "speaker": "Ruth_Bader_Ginsburg",
            "start": 0,
            "target": "Donald_Trump",
            "txt": "He says whatever comes into his head at the moment."
        },
        {
            "aim": "dir",
            "bias": "inf",
            "end": 21,
            "id": "p12",
            "indirect-ally-opponent-sentiment": "",
            "indirect-target-name": "",
            "notes": "",
            "polarity": "neg",
            "quote": "yes",
            "speaker": "Ruth_Bader_Ginsburg",
            "start": 0,
            "target": "Donald_Trump",
            "txt": "He really has an ego."
        },
        {
            "aim": "dir",
            "bias": "inf",
            "end": 65,
            "id": "p13",
            "indirect-ally-opponent-sentiment": "",
            "indirect-target-name": "",
            "notes": "",
            "polarity": "neg",
            "quote": "yes",
            "speaker": "Ruth_Bader_Ginsburg",
            "start": 0,
            "target": "Donald_Trump",
            "txt": "... How has he gotten away with not turning over his tax returns?"
        },
        {
            "aim": "dir",
            "bias": "inf",
            "end": 160,
            "id": "p15",
            "indirect-ally-opponent-sentiment": "",
            "indirect-target-name": "",
            "notes": "",
            "polarity": "neg",
            "quote": "yes",
            "speaker": "Donald_Trump",
            "start": 58,
            "target": "Ruth_Bader_Ginsburg",
            "txt": "\u201chighly inappropriate that a United States Supreme Court judge gets involved in a political campaign.\u201d"
        },
        {
            "aim": "dir",
            "bias": "inf",
            "end": 84,
            "id": "p16",
            "indirect-ally-opponent-sentiment": "",
            "indirect-target-name": "",
            "notes": "",
            "polarity": "neg",
            "quote": "yes",
            "speaker": "Donald_Trump",
            "start": 0,
            "target": "Ruth_Bader_Ginsburg",
            "txt": "\u201cI think it\u2019s a disgrace to the court and I think she should apologize to the court."
        },
        {
            "aim": "dir",
            "bias": "inf",
            "end": 101,
            "id": "p19",
            "indirect-ally-opponent-sentiment": "",
            "indirect-target-name": "",
            "notes": "",
            "polarity": "neg",
            "quote": "yes",
            "speaker": "other_anti",
            "start": 77,
            "target": "Ruth_Bader_Ginsburg",
            "txt": "\u201ctotally inappropriate.\u201d"
        },
        {
            "aim": "dir",
            "bias": "inf",
            "end": 80,
            "id": "p20",
            "indirect-ally-opponent-sentiment": "",
            "indirect-target-name": "",
            "notes": "",
            "polarity": "neg",
            "quote": "yes",
            "speaker": "other_anti",
            "start": 1,
            "target": "Ruth_Bader_Ginsburg",
            "txt": "It raises a level of skepticism that the American people have from time to time"
        },
        {
            "aim": "ind_pro",
            "bias": "lex",
            "end": 60,
            "id": "p23",
            "indirect-ally-opponent-sentiment": "neg",
            "indirect-target-name": "Democrats",
            "notes": "",
            "polarity": "neg",
            "quote": "no",
            "speaker": "",
            "start": 51,
            "target": "Ruth_Bader_Ginsburg",
            "txt": "squirming"
        },
        {
            "aim": "dir",
            "bias": "inf",
            "end": 95,
            "id": "p30",
            "indirect-ally-opponent-sentiment": "",
            "indirect-target-name": "",
            "notes": "",
            "polarity": "neg",
            "quote": "yes",
            "speaker": "other_neutral",
            "start": 0,
            "target": "Ruth_Bader_Ginsburg",
            "txt": "\u201cPoliticization, real or perceived, undermines public faith in the impartiality of the courts.\u201d"
        },
        {
            "aim": "dir",
            "bias": "inf",
            "end": 159,
            "id": "p32",
            "indirect-ally-opponent-sentiment": "",
            "indirect-target-name": "",
            "notes": "",
            "polarity": "neg",
            "quote": "yes",
            "speaker": "other_neutral",
            "start": 84,
            "target": "Ruth_Bader_Ginsburg",
            "txt": "the spectacle of a Supreme Court justice flinging herself into the mosh pit"
        },
        {
            "aim": "dir",
            "bias": "inf",
            "end": 239,
            "id": "p34",
            "indirect-ally-opponent-sentiment": "",
            "indirect-target-name": "",
            "notes": "",
            "polarity": "neg",
            "quote": "yes",
            "speaker": "other_anti",
            "start": 203,
            "target": "Donald_Trump",
            "txt": "he lies just a whole lot of the time"
        },
        {
            "aim": "dir",
            "bias": "inf",
            "end": 208,
            "id": "p22",
            "indirect-ally-opponent-sentiment": "",
            "indirect-target-name": "",
            "notes": "",
            "polarity": "neg",
            "quote": "yes",
            "speaker": "other_anti",
            "start": 170,
            "target": "Ruth_Bader_Ginsburg",
            "txt": "inherently biased and out of the realm"
        }
    ],
    "uuid": "cd941022-4457-4dd5-9a9c-d7aea113b54f"
}