{
    "article-level-annotations": {
        "author_feeling_Donald_Trump": "neu",
        "author_feeling_Ruth_Bader_Ginsburg": "neu",
        "author_feeling_main_event": "neu",
        "notes": "",
        "relative_stance": "conservative",
        "you_feeling_Donald_Trump": "neu",
        "you_feeling_Ruth_Bader_Ginsburg": "neu"
    },
    "pair-uuid": "8385a996-1afc-4778-a06d-7070a8f19e27",
    "phrase-level-annotations": [
        {
            "aim": "dir",
            "bias": "lex",
            "end": 150,
            "id": "p0",
            "indirect-ally-opponent-sentiment": "",
            "indirect-target-name": "",
            "notes": "",
            "polarity": "neg",
            "quote": "no",
            "speaker": "",
            "start": 140,
            "target": "Ruth_Bader_Ginsburg",
            "txt": "disdainful"
        },
        {
            "aim": "dir",
            "bias": "lex",
            "end": 35,
            "id": "p0",
            "indirect-ally-opponent-sentiment": "",
            "indirect-target-name": "",
            "notes": "",
            "polarity": "neg",
            "quote": "no",
            "speaker": "",
            "start": 27,
            "target": "Donald_Trump",
            "txt": "assailed"
        },
        {
            "aim": "dir",
            "bias": "inf",
            "end": 124,
            "id": "p2",
            "indirect-ally-opponent-sentiment": "",
            "indirect-target-name": "",
            "notes": "",
            "polarity": "neg",
            "quote": "yes",
            "speaker": "Ruth_Bader_Ginsburg",
            "start": 0,
            "target": "Donald_Trump",
            "txt": "\u201cI can\u2019t imagine what this place would be \u2014 I can\u2019t imagine what the country would be \u2014 with Donald Trump as our president,\u201d"
        },
        {
            "aim": "dir",
            "bias": "inf",
            "end": 84,
            "id": "p8",
            "indirect-ally-opponent-sentiment": "",
            "indirect-target-name": "",
            "notes": "",
            "polarity": "neg",
            "quote": "yes",
            "speaker": "Donald_Trump",
            "start": 0,
            "target": "Ruth_Bader_Ginsburg",
            "txt": "\u201cI think it\u2019s a disgrace to the court and I think she should apologize to the court."
        },
        {
            "aim": "dir",
            "bias": "inf",
            "end": 68,
            "id": "p11",
            "indirect-ally-opponent-sentiment": "",
            "indirect-target-name": "",
            "notes": "",
            "polarity": "neg",
            "quote": "yes",
            "speaker": "Donald_Trump",
            "start": 0,
            "target": "Ruth_Bader_Ginsburg",
            "txt": "It\u2019s so beneath the court for her to be making statements like that."
        },
        {
            "aim": "dir",
            "bias": "inf",
            "end": 71,
            "id": "p13",
            "indirect-ally-opponent-sentiment": "",
            "indirect-target-name": "",
            "notes": "",
            "polarity": "neg",
            "quote": "yes",
            "speaker": "Donald_Trump",
            "start": 0,
            "target": "Ruth_Bader_Ginsburg",
            "txt": "And I would hope that she would get off the court as soon as possible.\u201d"
        }
    ],
    "uuid": "ea716473-95b1-4e2a-91b0-2645d4de07e9"
}