{
    "article-level-annotations": {
        "author_feeling_Donald_Trump": "neg",
        "author_feeling_Vicente_Fox": "neu",
        "author_feeling_main_event": "neu",
        "notes": "more anti-Trump quotes by Fox than #1",
        "relative_stance": "center",
        "you_feeling_Donald_Trump": "neu",
        "you_feeling_Vicente_Fox": "neu"
    },
    "pair-uuid": "8abec8d9-50a2-480e-969a-157f94954f4d",
    "phrase-level-annotations": [
        {
            "aim": "dir",
            "bias": "lex",
            "end": 216,
            "id": "p1",
            "indirect-ally-opponent-sentiment": "",
            "indirect-target-name": "",
            "notes": "",
            "polarity": "neg",
            "quote": "no",
            "speaker": "",
            "start": 207,
            "target": "Donald_Trump",
            "txt": "demonized"
        },
        {
            "aim": "dir",
            "bias": "inf",
            "end": 41,
            "id": "p3",
            "indirect-ally-opponent-sentiment": "",
            "indirect-target-name": "",
            "notes": "",
            "polarity": "neg",
            "quote": "yes",
            "speaker": "Vicente_Fox",
            "start": 0,
            "target": "Donald_Trump",
            "txt": "\u201cWe don\u2019t want him. We reject his visit.\u201d"
        },
        {
            "aim": "dir",
            "bias": "inf",
            "end": 35,
            "id": "p5",
            "indirect-ally-opponent-sentiment": "",
            "indirect-target-name": "",
            "notes": "",
            "polarity": "neg",
            "quote": "yes",
            "speaker": "Vicente_Fox",
            "start": 0,
            "target": "Donald_Trump",
            "txt": "\u201cYou cannot trust a guy like this,\u201d"
        },
        {
            "aim": "dir",
            "bias": "inf",
            "end": 75,
            "id": "p7",
            "indirect-ally-opponent-sentiment": "",
            "indirect-target-name": "",
            "notes": "",
            "polarity": "neg",
            "quote": "yes",
            "speaker": "Vicente_Fox",
            "start": 0,
            "target": "Donald_Trump",
            "txt": "He cynically continues to disregard his own people and disregard Mexicans.\u201d"
        },
        {
            "aim": "dir",
            "bias": "inf",
            "end": 76,
            "id": "p9",
            "indirect-ally-opponent-sentiment": "",
            "indirect-target-name": "",
            "notes": "",
            "polarity": "neg",
            "quote": "no",
            "speaker": "",
            "start": 0,
            "target": "Donald_Trump",
            "txt": "He also called Mr. Trump a \u201cfalse prophet\u201d who was misleading his followers."
        },
        {
            "aim": "dir",
            "bias": "lex",
            "end": 68,
            "id": "p11",
            "indirect-ally-opponent-sentiment": "",
            "indirect-target-name": "",
            "notes": "",
            "polarity": "neg",
            "quote": "no",
            "speaker": "",
            "start": 57,
            "target": "Donald_Trump",
            "txt": "\u201cdesperate\u201d"
        },
        {
            "aim": "dir",
            "bias": "inf",
            "end": 37,
            "id": "p13",
            "indirect-ally-opponent-sentiment": "",
            "indirect-target-name": "",
            "notes": "",
            "polarity": "neg",
            "quote": "yes",
            "speaker": "Vicente_Fox",
            "start": 0,
            "target": "Donald_Trump",
            "txt": "\u201cHe doesn\u2019t know how to run a nation."
        },
        {
            "aim": "dir",
            "bias": "inf",
            "end": 44,
            "id": "p14",
            "indirect-ally-opponent-sentiment": "",
            "indirect-target-name": "",
            "notes": "",
            "polarity": "neg",
            "quote": "yes",
            "speaker": "Vicente_Fox",
            "start": 0,
            "target": "Donald_Trump",
            "txt": "He doesn\u2019t even know how to run a business.\u201d"
        },
        {
            "aim": "dir",
            "bias": "inf",
            "end": 54,
            "id": "p18",
            "indirect-ally-opponent-sentiment": "",
            "indirect-target-name": "",
            "notes": "",
            "polarity": "neg",
            "quote": "yes",
            "speaker": "Vicente_Fox",
            "start": 0,
            "target": "Donald_Trump",
            "txt": "\u201cMexico is not yours to play with, show some respect.\u201d"
        }
    ],
    "uuid": "e986de6e-dfa2-4f2f-95de-214838376b3f"
}