{
    "article-level-annotations": {
        "author_feeling_Donald_Trump": "neg",
        "author_feeling_Felipe_Calder": "neu",
        "author_feeling_Vicente_Fox": "neu",
        "author_feeling_main_event": "neu",
        "notes": "",
        "relative_stance": "center",
        "you_feeling_Donald_Trump": "neu",
        "you_feeling_Felipe_Calder": "neu",
        "you_feeling_Vicente_Fox": "neu"
    },
    "pair-uuid": "d4a4bc34-e48b-4485-86b2-f1daf4d464dd",
    "phrase-level-annotations": [
        {
            "aim": "dir",
            "bias": "inf",
            "end": 158,
            "id": "p6",
            "indirect-ally-opponent-sentiment": "",
            "indirect-target-name": "",
            "notes": "",
            "polarity": "neg",
            "quote": "no",
            "speaker": "",
            "start": 98,
            "target": "Donald_Trump",
            "txt": "calling him \u201cegocentric\u201d and lacking in any political values"
        },
        {
            "aim": "dir",
            "bias": "lex",
            "end": 38,
            "id": "p9",
            "indirect-ally-opponent-sentiment": "",
            "indirect-target-name": "",
            "notes": "",
            "polarity": "neg",
            "quote": "yes",
            "speaker": "Vicente_Fox",
            "start": 25,
            "target": "Donald_Trump",
            "txt": "false prophet"
        },
        {
            "aim": "ind_pro",
            "bias": "lex",
            "end": 74,
            "id": "p11",
            "indirect-ally-opponent-sentiment": "neg",
            "indirect-target-name": "border wall",
            "notes": "",
            "polarity": "neg",
            "quote": "yes",
            "speaker": "Felipe_Calder",
            "start": 68,
            "target": "Donald_Trump",
            "txt": "stupid"
        },
        {
            "aim": "ind_pro",
            "bias": "inf",
            "end": 42,
            "id": "p12",
            "indirect-ally-opponent-sentiment": "neg",
            "indirect-target-name": "border wall",
            "notes": "",
            "polarity": "neg",
            "quote": "yes",
            "speaker": "Felipe_Calder",
            "start": 0,
            "target": "Donald_Trump",
            "txt": "\u201cAnd it\u2019s going to be completely useless.\u201d"
        },
        {
            "aim": "dir",
            "bias": "inf",
            "end": 82,
            "id": "p16",
            "indirect-ally-opponent-sentiment": "",
            "indirect-target-name": "",
            "notes": "",
            "polarity": "neg",
            "quote": "no",
            "speaker": "",
            "start": 11,
            "target": "Donald_Trump",
            "txt": "who has been criticized for lacing his campaign speeches with profanity"
        },
        {
            "aim": "dir",
            "bias": "lex",
            "end": 33,
            "id": "p2",
            "indirect-ally-opponent-sentiment": "",
            "indirect-target-name": "",
            "notes": "",
            "polarity": "pos",
            "quote": "no",
            "speaker": "",
            "start": 26,
            "target": "Donald_Trump",
            "txt": "adoring"
        }
    ],
    "uuid": "9eaef0d4-421f-4eaf-a256-e2494ed0efae"
}