{
    "article-level-annotations": {
        "author_feeling_Donald_Trump": "neg",
        "author_feeling_Felipe_Calder": "neu",
        "author_feeling_Vicente_Fox": "neu",
        "author_feeling_main_event": "neu",
        "notes": "",
        "relative_stance": "liberal",
        "you_feeling_Donald_Trump": "neu",
        "you_feeling_Felipe_Calder": "neu",
        "you_feeling_Vicente_Fox": "neu"
    },
    "phrase-level-annotations": [
        {
            "aim": "dir",
            "bias": "inf",
            "end": 137,
            "id": "p4",
            "indirect-ally-opponent-sentiment": "",
            "indirect-target-name": "",
            "notes": "",
            "polarity": "neg",
            "quote": "no",
            "speaker": "",
            "start": 22,
            "target": "Donald_Trump",
            "txt": "who has made many outrageous comments about Latinos including calling Mexican immigrants \"criminals\" and \"rapists,\""
        },
        {
            "aim": "dir",
            "bias": "lex",
            "end": 158,
            "id": "p4",
            "indirect-ally-opponent-sentiment": "",
            "indirect-target-name": "",
            "notes": "",
            "polarity": "neg",
            "quote": "no",
            "speaker": "",
            "start": 152,
            "target": "Donald_Trump",
            "txt": "coerce"
        },
        {
            "aim": "dir",
            "bias": "lex",
            "end": 37,
            "id": "p10",
            "indirect-ally-opponent-sentiment": "",
            "indirect-target-name": "",
            "notes": "",
            "polarity": "neg",
            "quote": "yes",
            "speaker": "Vicente_Fox",
            "start": 24,
            "target": "Donald_Trump",
            "txt": "false prophet"
        },
        {
            "aim": "ind_pro",
            "bias": "lex",
            "end": 74,
            "id": "p12",
            "indirect-ally-opponent-sentiment": "neg",
            "indirect-target-name": "border wall",
            "notes": "",
            "polarity": "neg",
            "quote": "yes",
            "speaker": "Felipe_Calder",
            "start": 68,
            "target": "Donald_Trump",
            "txt": "stupid"
        },
        {
            "aim": "ind_pro",
            "bias": "inf",
            "end": 45,
            "id": "p13",
            "indirect-ally-opponent-sentiment": "neg",
            "indirect-target-name": "border wall",
            "notes": "",
            "polarity": "neg",
            "quote": "yes",
            "speaker": "Felipe_Calder",
            "start": 0,
            "target": "Donald_Trump",
            "txt": "\"And it's going to be completely useless. ..."
        },
        {
            "aim": "dir",
            "bias": "inf",
            "end": 166,
            "id": "p14",
            "indirect-ally-opponent-sentiment": "",
            "indirect-target-name": "",
            "notes": "",
            "polarity": "neg",
            "quote": "yes",
            "speaker": "Felipe_Calder",
            "start": 144,
            "target": "Donald_Trump",
            "txt": "he is completely crazy"
        },
        {
            "aim": "dir",
            "bias": "lex",
            "end": 35,
            "id": "p7",
            "indirect-ally-opponent-sentiment": "",
            "indirect-target-name": "",
            "notes": "",
            "polarity": "neg",
            "quote": "yes",
            "speaker": "Vicente_Fox",
            "start": 23,
            "target": "Donald_Trump",
            "txt": "crazy people"
        }
    ],
    "triplet-uuid": "d4a4bc34-e48b-4485-86b2-f1daf4d464dd",
    "uuid": "ba93ff98-92dd-41fc-bc36-66a223f5dd67"
}