{
    "article-level-annotations": {
        "author_feeling_Bill_Clinton": "neu",
        "author_feeling_Joe_Sestak": "neu",
        "author_feeling_Obama_administration": "neu",
        "author_feeling_main_event": "neu",
        "notes": "",
        "relative_stance": "conservative",
        "you_feeling_Bill_Clinton": "neu",
        "you_feeling_Joe_Sestak": "neu",
        "you_feeling_Obama_administration": "neu"
    },
    "phrase-level-annotations": [
        {
            "aim": "dir",
            "bias": "lex",
            "end": 53,
            "id": "p2",
            "indirect-ally-opponent-sentiment": "",
            "indirect-target-name": "",
            "notes": "",
            "polarity": "neg",
            "quote": "no",
            "speaker": "",
            "start": 46,
            "target": "Obama_administration",
            "txt": "dangled"
        },
        {
            "aim": "dir",
            "bias": "inf",
            "end": 19,
            "id": "p9",
            "indirect-ally-opponent-sentiment": "",
            "indirect-target-name": "",
            "notes": "",
            "polarity": "neg",
            "quote": "no",
            "speaker": "",
            "start": 3,
            "target": "Obama_administration",
            "txt": "hastily arranged"
        },
        {
            "aim": "dir",
            "bias": "lex",
            "end": 12,
            "id": "p2",
            "indirect-ally-opponent-sentiment": "",
            "indirect-target-name": "",
            "notes": "",
            "polarity": "neg",
            "quote": "no",
            "speaker": "",
            "start": 0,
            "target": "Obama_administration",
            "txt": "Batting down"
        },
        {
            "aim": "dir",
            "bias": "inf",
            "end": 47,
            "id": "p16",
            "indirect-ally-opponent-sentiment": "",
            "indirect-target-name": "",
            "notes": "seems conspiratory",
            "polarity": "neg",
            "quote": "no",
            "speaker": "",
            "start": 0,
            "target": "Obama_administration",
            "txt": "On that same day, Obama had lunch with Clinton."
        },
        {
            "aim": "dir",
            "bias": "inf",
            "end": 30,
            "id": "p17",
            "indirect-ally-opponent-sentiment": "",
            "indirect-target-name": "",
            "notes": "",
            "polarity": "neg",
            "quote": "yes",
            "speaker": "other_anti",
            "start": 0,
            "target": "Obama_administration",
            "txt": "\"This is punishable by prison."
        },
        {
            "aim": "dir",
            "bias": "inf",
            "end": 16,
            "id": "p18",
            "indirect-ally-opponent-sentiment": "",
            "indirect-target-name": "",
            "notes": "",
            "polarity": "neg",
            "quote": "yes",
            "speaker": "other_anti",
            "start": 0,
            "target": "Obama_administration",
            "txt": "This is a felony"
        }
    ],
    "triplet-uuid": "38f7cbb7-5d6a-4c89-bcbd-8e164144172a",
    "uuid": "9fb5214f-563a-4fc5-b204-fac51cb2ca31"
}