{
    "article-level-annotations": {
        "author_feeling_Barack_Obama": "neu",
        "author_feeling_Democrats": "neu",
        "author_feeling_Harry_Reid": "neu",
        "author_feeling_Republicans": "neg",
        "author_feeling_main_event": "neu",
        "notes": "",
        "relative_stance": "liberal",
        "you_feeling_Barack_Obama": "str-pos",
        "you_feeling_Democrats": "neu",
        "you_feeling_Harry_Reid": "neu",
        "you_feeling_Republicans": "neu"
    },
    "phrase-level-annotations": [
        {
            "aim": "dir",
            "bias": "inf",
            "end": 127,
            "id": "p9",
            "indirect-ally-opponent-sentiment": "",
            "indirect-target-name": "",
            "notes": "",
            "polarity": "neg",
            "quote": "yes",
            "speaker": "other_anti",
            "start": 0,
            "target": "Barack_Obama",
            "txt": "\u201cIt is very troubling to see President Obama again turning a deaf ear to the thoughts and concerns of a majority of Americans,\u201d"
        },
        {
            "aim": "ind_general",
            "bias": "inf",
            "end": 254,
            "id": "p19",
            "indirect-ally-opponent-sentiment": "neu",
            "indirect-target-name": "mosque opposers",
            "notes": "",
            "polarity": "neg",
            "quote": "yes",
            "speaker": "other_anti",
            "start": 218,
            "target": "Harry_Reid",
            "txt": "everybody\u2019s liberty is at stake here"
        },
        {
            "aim": "dir",
            "bias": "inf",
            "end": 166,
            "id": "p11",
            "indirect-ally-opponent-sentiment": "",
            "indirect-target-name": "",
            "notes": "",
            "polarity": "neg",
            "quote": "no",
            "speaker": "",
            "start": 43,
            "target": "Republicans",
            "txt": "they do not appear worried about the risk of being seen as intolerant or not supportive of the right to freedom of religion"
        },
        {
            "aim": "dir",
            "bias": "inf",
            "end": 89,
            "id": "p14",
            "indirect-ally-opponent-sentiment": "",
            "indirect-target-name": "",
            "notes": "",
            "polarity": "neg",
            "quote": "no",
            "speaker": "",
            "start": 0,
            "target": "Democrats",
            "txt": "Privately, many Democrats were not pleased that the issue had been thrown into their laps"
        },
        {
            "aim": "dir",
            "bias": "inf",
            "end": 335,
            "id": "p31",
            "indirect-ally-opponent-sentiment": "",
            "indirect-target-name": "",
            "notes": "",
            "polarity": "neg",
            "quote": "no",
            "speaker": "",
            "start": 0,
            "target": "Republicans",
            "txt": "Democratic campaign officials accused Republicans of exploiting the Sept. 11 attacks, noting that their outrage over the Islamic center came just weeks after many House Republicans opposed a new medical program to monitor and treat emergency workers and others suffering ill effects from exposure to hazardous materials at ground zero."
        }
    ],
    "triplet-uuid": "45bd61bc-c356-4450-9e3a-cbfc862b09fd",
    "uuid": "ae5c9925-6003-40b6-bff6-61e8cf269ed4"
}