{
    "article-level-annotations": {
        "author_feeling_Bob_Etheridge": "neu",
        "author_feeling_main_event": "neu",
        "notes": "",
        "relative_stance": "liberal",
        "you_feeling_Bob_Etheridge": "neu"
    },
    "phrase-level-annotations": [
        {
            "aim": "ind_pro",
            "bias": "inf",
            "end": 183,
            "id": "p8",
            "indirect-ally-opponent-sentiment": "neg",
            "indirect-target-name": "House Democrats",
            "notes": "",
            "polarity": "neg",
            "quote": "yes",
            "speaker": "other_anti",
            "start": 0,
            "target": "Bob_Etheridge",
            "txt": "A hard, progressive left captured the Democrat majority in Congress and forced them to enact a fantasy grab-bag of legislation that is increasingly unpopular with the American public."
        },
        {
            "aim": "ind_pro",
            "bias": "inf",
            "end": 178,
            "id": "p9",
            "indirect-ally-opponent-sentiment": "neg",
            "indirect-target-name": "House Democrats",
            "notes": "",
            "polarity": "neg",
            "quote": "yes",
            "speaker": "other_anti",
            "start": 0,
            "target": "Bob_Etheridge",
            "txt": "We\u2019re on the cusp of a deeper recession, millions of unemployed Americans have no prospect for work, taxes are about to spike higher and we\u2019ve maxed out the national credit card."
        },
        {
            "aim": "ind_pro",
            "bias": "inf",
            "end": 109,
            "id": "p10",
            "indirect-ally-opponent-sentiment": "neg",
            "indirect-target-name": "House Democrats",
            "notes": "",
            "polarity": "neg",
            "quote": "yes",
            "speaker": "other_anti",
            "start": 0,
            "target": "Bob_Etheridge",
            "txt": "The Democrats were given a chance to run government and they\u2019ve only succeeded in running it into the ground."
        },
        {
            "aim": "ind_anti",
            "bias": "lex",
            "end": 43,
            "id": "p22",
            "indirect-ally-opponent-sentiment": "neg",
            "indirect-target-name": "students",
            "notes": "",
            "polarity": "pos",
            "quote": "yes",
            "speaker": "other_pro",
            "start": 32,
            "target": "Bob_Etheridge",
            "txt": "\u201cstudents.\u201d"
        },
        {
            "aim": "ind_anti",
            "bias": "lex",
            "end": 80,
            "id": "p21",
            "indirect-ally-opponent-sentiment": "neg",
            "indirect-target-name": "students",
            "notes": "",
            "polarity": "pos",
            "quote": "no",
            "speaker": "",
            "start": 69,
            "target": "Bob_Etheridge",
            "txt": "provocative"
        },
        {
            "aim": "ind_anti",
            "bias": "inf",
            "end": 59,
            "id": "p24",
            "indirect-ally-opponent-sentiment": "neg",
            "indirect-target-name": "students",
            "notes": "",
            "polarity": "pos",
            "quote": "yes",
            "speaker": "other_pro",
            "start": 0,
            "target": "Bob_Etheridge",
            "txt": "Hmmm...nothing like the courage of the anonymous protester."
        },
        {
            "aim": "ind_anti",
            "bias": "inf",
            "end": 78,
            "id": "p37",
            "indirect-ally-opponent-sentiment": "neg",
            "indirect-target-name": "Republicans",
            "notes": "",
            "polarity": "pos",
            "quote": "yes",
            "speaker": "other_pro",
            "start": 0,
            "target": "Bob_Etheridge",
            "txt": "If that doesn\u2019t tell you this is a Republican Party hatchet job nothing will.\u201d"
        },
        {
            "aim": "dir",
            "bias": "inf",
            "end": 66,
            "id": "p14",
            "indirect-ally-opponent-sentiment": "",
            "indirect-target-name": "",
            "notes": "",
            "polarity": "neg",
            "quote": "yes",
            "speaker": "other_anti",
            "start": 0,
            "target": "Bob_Etheridge",
            "txt": "His response was to hit away a video camera and assault a student."
        }
    ],
    "triplet-uuid": "6b541575-99b1-40d2-8730-9bb868ee38ed",
    "uuid": "a5cb6419-2bb9-4af3-8046-96637f050cd9"
}