{
    "article-level-annotations": {
        "author_feeling_Glenn_Beck": "neg",
        "author_feeling_main_event": "neu",
        "notes": "is more critical of Beck",
        "relative_stance": "liberal",
        "you_feeling_Glenn_Beck": "neu"
    },
    "phrase-level-annotations": [
        {
            "aim": "dir",
            "bias": "lex",
            "end": 9,
            "id": "p1",
            "indirect-ally-opponent-sentiment": "",
            "indirect-target-name": "",
            "notes": "",
            "polarity": "neg",
            "quote": "no",
            "speaker": "",
            "start": 0,
            "target": "Glenn_Beck",
            "txt": "Bombastic"
        },
        {
            "aim": "dir",
            "bias": "inf",
            "end": 169,
            "id": "p24",
            "indirect-ally-opponent-sentiment": "",
            "indirect-target-name": "",
            "notes": "",
            "polarity": "neg",
            "quote": "no",
            "speaker": "",
            "start": 26,
            "target": "Glenn_Beck",
            "txt": "even as Beck took them down winding tales of Calvin Coolidge, the Statute of Liberty and the supposed great middle class explosion of the 1920s"
        },
        {
            "aim": "dir",
            "bias": "inf",
            "end": 150,
            "id": "p8",
            "indirect-ally-opponent-sentiment": "",
            "indirect-target-name": "",
            "notes": "",
            "polarity": "neg",
            "quote": "no",
            "speaker": "",
            "start": 120,
            "target": "Glenn_Beck",
            "txt": "wiping the sweat from his brow"
        },
        {
            "aim": "dir",
            "bias": "lex",
            "end": 12,
            "id": "p2",
            "indirect-ally-opponent-sentiment": "",
            "indirect-target-name": "",
            "notes": "",
            "polarity": "neg",
            "quote": "no",
            "speaker": "",
            "start": 5,
            "target": "Glenn_Beck",
            "txt": "winding"
        },
        {
            "aim": "dir",
            "bias": "inf",
            "end": 111,
            "id": "p3",
            "indirect-ally-opponent-sentiment": "",
            "indirect-target-name": "",
            "notes": "",
            "polarity": "neg",
            "quote": "no",
            "speaker": "",
            "start": 74,
            "target": "Glenn_Beck",
            "txt": "he took the usual swipes at Democrats"
        },
        {
            "aim": "dir",
            "bias": "lex",
            "end": 135,
            "id": "p23",
            "indirect-ally-opponent-sentiment": "",
            "indirect-target-name": "",
            "notes": "",
            "polarity": "neg",
            "quote": "no",
            "speaker": "",
            "start": 125,
            "target": "Glenn_Beck",
            "txt": "a right to"
        },
        {
            "aim": "dir",
            "bias": "lex",
            "end": 45,
            "id": "p29",
            "indirect-ally-opponent-sentiment": "",
            "indirect-target-name": "",
            "notes": "",
            "polarity": "neg",
            "quote": "no",
            "speaker": "",
            "start": 35,
            "target": "Glenn_Beck",
            "txt": "complained"
        }
    ],
    "triplet-uuid": "6f95dcb9-e960-45ac-8c0e-91b85724c909",
    "uuid": "f3d0ebba-4805-4def-b3ac-4359d5937556"
}