{
    "uuid": "3d65b2c4-6832-4bb0-812b-11025a6041f0",
    "main-event": "Democrats react to Rashida Tlaib's comments",
    "main-entities": [
        "Rashida Tlaib",
        "Donald Trump",
        "Nancy Pelosi",
        "Republican Lawmakers",
        "Democratic Lawmakers"
    ],
    "title": "Rashida Tlaib's Expletive-Laden Cry to Impeach Trump Upends Democrats' Talking Points",
    "triplet-uuid": "86e6e27d-1440-4879-8b13-0dd2d89f7281",
    "body-paragraphs": [
        [
            "WASHINGTON — Impeachment was always going to hang heavily over a divided Washington.",
            "But it took little more than 24 hours this week for a freshman House Democrat\u2019s exuberant, expletive-laden impeachment promise to upend the bonhomie of a new Congress and prompt President Trump, by his own telling, to ask the newly elected speaker if Democrats planned to impeach him."
        ],
        [
            "The episode began Thursday night, just hours after the 116th Congress was sworn in, when a camera captured Representative Rashida Tlaib of Michigan promising profanely to impeach Mr. Trump as she drew cheers from liberal activists at a celebration at a bar near the Capitol.",
            "By the time Mr. Trump discussed the matter directly in a news conference in the Rose Garden on Friday afternoon, weeks of speculation about his potential peril had burst into the open."
        ],
        [
            "Republicans, eager to portray Democrats as out to destroy Mr. Trump\u2019s presidency, piled on criticism of Ms. Tlaib — some of it racially tinged.",
            "(Ms. Tlaib, who is Palestinian-American, is one of the first Muslims in Congress.",
            "The Christian Broadcasting Network referred to her as a \u201cfoul-mouthed Islamic congresswoman.\u201d)",
            "Democratic leaders, who view discussion of impeachment as politically dangerous and premature, offered worried words meant to tamp down speculation about their intentions."
        ],
        [
            "Perhaps out of a belief that an impeachment fight would help him politically — as it did President Bill Clinton in the 1990s — or outright fear that newly empowered Democrats actually might threaten his presidency, Mr. Trump dived into the conversation head first."
        ],
        [
            "\u201cWe even talked about that today,\u201d he told reporters in the Rose Garden, referring to an exchange with Speaker Nancy Pelosi during a meeting earlier Friday to try to negotiate an end to the shutdown of the government, which Mr. Trump threatened to keep closed for years if he did not get money from Congress for a wall on the southern border.",
            "\u201cI said, Why don\u2019t you use this for impeachment?",
            "And Nancy said, We\u2019re not looking to impeach you.\u201d"
        ],
        [
            "Senior aides to Ms. Pelosi and other Democrats in the room disputed that characterization.",
            "The president had indeed invoked Ms. Tlaib and other House Democrats who want to impeach him, they said, but Ms. Pelosi tried to shift the meeting back to its intended topic and did not offer the president reassurances."
        ],
        [
            "\u201cIn his opening comments at the meeting, President Trump brought up impeachment,\u201d Ms. Pelosi\u2019s spokesman, Drew Hammill, wrote on Twitter.",
            "\u201cSpeaker Pelosi made clear that today\u2019s meeting was about re-opening government, not impeachment.\u201d"
        ],
        [
            "Regardless, Mr. Trump\u2019s frank embrace of the issue was another astonishing development: a president of the United States talking openly about his potential impeachment at a White House news conference."
        ],
        [
            "Earlier in the day, Mr. Trump had asked on Twitter, \u201cHow do you impeach a president who has won perhaps the greatest election of all time?",
            "\u201d He continued the theme at his news conference by asserting that \u201cyou can\u2019t impeach somebody who is doing a great job.\u201d"
        ],
        [
            "Ms. Pelosi and senior Democrats said they were determined not to take the bait for now and risk generating a backlash from Mr. Trump\u2019s supporters, who would most likely see impeachment as the overreaction of out-of-control Democrats.",
            "But the words of Ms. Tlaib, who stood by her comments on Friday, made evident the pressure already mounting from the left, where public opinion polls suggest a majority of liberals want the president removed from office."
        ],
        [
            "\u201cPeople love you and you win,\u201d Ms. Tlaib told the crowd Thursday night.",
            "\u201cAnd when your son looks at you and says: \u2019Momma, look, you won. Bullies don\u2019t win.\u2019",
            "And I said, \u2019Baby, they don\u2019t.\u2019 Because we\u2019re going to go in there, and we\u2019re going to impeach the motherfucker.\u201d"
        ],
        [
            "She made no apologies for the remark on Friday, proclaiming that \u201cI will always speak truth to power\u201d and fashioning her own hashtag, #unapologeticallyme.",
            "She told a Detroit television station that \u201cit\u2019s probably exactly how my grandmother, if she was alive, would say it.\u201d"
        ],
        [
            "Her outburst ran counter to all Democratic talking points.",
            "Ms. Pelosi and her deputies have repeatedly made the case that it is too early to consider impeachment.",
            "Even as Mr. Trump\u2019s legal perils have deepened — and federal prosecutors in New York appear to have gathered evidence implicating him in a campaign finance crime — Democrats have said they want to wait to see the findings of an investigation by the special counsel, Robert S. Mueller III, of the president, his campaign and Russia\u2019s attempts to interfere in the 2016 election."
        ],
        [
            "\u201cI don\u2019t really like that kind of language,\u201d Representative Jerrold Nadler, Democrat of New York and the chairman of the House Judiciary Committee — where any impeachment inquiry must begin — said on CNN.",
            "\u201cBut more to the point, I disagree with what she said.",
            "It is too early to talk about that intelligently.",
            "We have to follow the facts.\u201d"
        ],
        [
            "Ms. Pelosi defended Ms. Tlaib on Friday at a town hall hosted by MSNBC at the speaker\u2019s alma mater in Washington, Trinity University.",
            "\u201cI\u2019m not in the censorship business,\u201d Ms. Pelosi said."
        ],
        [
            "The Constitution grants the House the power to impeach executive branch officials for \u201ctreason, bribery or other high crimes and misdemeanors,\u201d but what constitutes such crimes has traditionally been defined by the majority party of the House.",
            "A vote to impeach takes a simple majority in the House, but a two-thirds vote is needed in the Senate to convict and remove an official from office."
        ],
        [
            "Mr. Nadler, Ms. Pelosi and other party elders believe Mr. Trump is threatening the country\u2019s democratic institutions.",
            "Privately, many harbor suspicions that he obstructed justice, collaborated with the Russians in 2016 or both.",
            "But they also argue that an impeachment that does not have a reasonable shot of winning a conviction in the Senate will backfire and strengthen Mr. Trump in the 2020 campaign.",
            "In the meantime, they are planning to open multiple investigations into accusations of wrongdoing around the president, his campaign and his administration."
        ],
        [
            "\u201cWe shouldn\u2019t be impeaching for a political reason, and we shouldn\u2019t avoid impeachment for a political reason,\u201d Ms. Pelosi said.",
            "\u201cSo we\u2019ll just have to see how it comes.\u201d"
        ],
        [
            "Republicans ignored the distinction."
        ],
        [
            "\u201cIs this the behavior that we are going to find with this new majority party in Congress?\u201d Representative Kevin McCarthy of California, the Republican leader, asked at a news conference.",
            "He repeatedly singled out Ms. Pelosi, asking why she had not censured Ms. Tlaib."
        ],
        [
            "Mr. Trump was similarly critical of Ms. Tlaib."
        ],
        [
            "\u201cI thought her comments were disgraceful,\u201d Mr. Trump said at the news conference.",
            "\u201cI think she dishonored herself, and I think she dishonored her family.\u201d",
            "He added that her comments were \u201cdisrespectful to the United States of America.\u201d"
        ],
        [
            "Ms. Tlaib is far from alone among House Democrats.",
            "Representatives Brad Sherman of California and Al Green of Texas formally introduced an article of impeachment on Thursday, charging that Mr. Trump had obstructed justice in firing James B. Comey, the F.B.I. director.",
            "Others are expected to follow."
        ],
        [
            "\u201cI continue to believe that obstruction of justice is the clearest, simplest and most provable high crime and misdemeanor committed by Donald J. Trump,\u201d Mr. Sherman said in a statement.",
            "\u201cI hope that the articles of impeachment are the subject of hearings before the Judiciary Committee early in 2019.\u201d"
        ],
        [
            "Many of Ms. Tlaib\u2019s new colleagues expressed sympathy for her sentiments, even as they said the House should proceed differently."
        ],
        [
            "\u201cDonald Trump is going to be impeached whether it is by the ballot box or Congress,\u201d said Representative Eric Swalwell, Democrat of California and a member of the Intelligence Committee.",
            "\u201cIt will just be a matter of which one comes first.\u201d"
        ],
        [
            "But, Mr. Swalwell added, Democrats need to avoid making \u201ca martyr\u201d out of Mr. Trump by affording him \u201ca fairer investigation than he deserves.\u201d"
        ]
    ],
    "source": "nyt",
    "url": "https://www.nytimes.com/2019/01/04/us/politics/tlaib-impeach-trump.html",
    "date": "2019-01-04"
}
