{
    "source": "hpo",
    "main-entities": [
        "Nancy Pelosi",
        "Rashida Tlaib"
    ],
    "main-event": "Pelosi comments of Tlaib's profane comments",
    "title": "Nancy Pelosi Says Rashida Tlaib's 'Motherf**ker' Comment No Worse Than Trump",
    "url": "https://www.huffingtonpost.com/entry/nancy-pelosi-says-rashida-tlaib-motherfucker-comment-no-worse-than-trump_us_5c2f86f0e4b0d468baa44bee",
    "word-count": 348,
    "date": "2019-01-04",
    "uuid": "d99ee700-99fe-4b79-ab99-89f2dbd52d94",
    "triplet-uuid": "86e6e27d-1440-4879-8b13-0dd2d89f7281",
    "body-paragraphs": [
        [
            "House Speaker Nancy Pelosi is not upset over Michigan Rep. Rashida Tlaib\u2019s vulgar comment on impeaching President Donald Trump, said just hours after Thursday\u2019s swearing-in ceremony on the House floor."
        ],
        [
            "Asked for her reaction to Tlaib\u2019s \u201ccolorful language\u201d \u2015 the new Democratic congresswoman vowed to \u201cimpeach that motherfucker,\u201d referring to Trump \u2015 Pelosi said it was a free speech issue."
        ],
        [
            "\u201cI probably have a generational reaction to it, but in any event I\u2019m not in the censorship business,\u201d she told MSNBC\u2019s Joy Reid in a town hall interview set to air in full Friday evening."
        ],
        [
            "\u201cI don\u2019t like that language.",
            "I wouldn\u2019t use that language,\u201d the House speaker continued, noting that she doesn\u2019t tell her colleagues what to say."
        ],
        [
            "\u201cBut I don\u2019t think it\u2019s any worse than what the president has said,\u201d she concluded.",
            "Trump infamously bragged about grabbing women \u201cby the pussy\u201d in a leaked tape from 2005; since taking office he has referred to certain other nations as \u201cshithole countries\u201d and slung insults at a wide range of political foes."
        ],
        [
            "Pelosi reasoned that while Trump\u2019s comments have the power to \u201cimpact people\u2019s lives,\u201d the new congresswoman\u2019s comments do not."
        ],
        [
            "Tlaib, who became one of the first Muslim women in Congress on Thursday, dropped the expletive as she spoke to a crowd of supporters at an event hosted by the progressive group MoveOn."
        ],
        [
            "Talking about her victory, she said: \u201cAnd when your son looks at you and says, \u2018Mama, look, you won.",
            "Bullies don\u2019t win.\u2019",
            "And I say, \u2018Baby, they don\u2019t.\u2019",
            "Because we\u2019re gonna go in there, and we\u2019re gonna impeach the motherfucker.\u201d"
        ],
        [
            "As she passed the microphone, the crowd erupted into cheers."
        ],
        [
            "Pelosi told Reid that the comment might fire up Trump\u2019s base, but doesn\u2019t actually make much of a difference to actual House business."
        ],
        [
            "Any controversy over Tlaib\u2019s comment concerns the \u201cfreedom of speech of an individual member,\u201d not the stance of the Democratic caucus, Pelosi said."
        ],
        [
            "Trump appeared to respond to Tlaib over Twitter Friday morning, writing: \u201cThey only want to impeach me because they know they can\u2019t win in 2020, too much success!\u201d"
        ]
    ]
}
