{
    "source": "nyt",
    "main-entities": ["Adam Schiff", "GOP committee members", "Donald Trump"],
    "main-event": "House Intelligence Committee demand Adam Schiff's resignation",
    "title": "Demands for Adam Schiff's Head Highlight Chasm That Only Widened With Mueller's Conclusion",
    "url": "https://www.nytimes.com/2019/03/28/us/politics/adam-schiff-resign.html",
    "word-count": 1235,
    "date": "2019-03-28",
    "uuid": "3db72c86-1db7-48d7-9f89-307e54185b99",
    "triplet-uuid": "b7021938-ff8d-42ea-adec-5704c0b65237",
    "body-paragraphs": [
        [
            "WASHINGTON \u2014 The House Intelligence Committee\u2019s first hearing since Robert S. Mueller III completed his report had barely begun when the panel\u2019s Republicans moved en masse to demand the resignation of the committee\u2019s chairman."
        ],
        [
            "It went downhill from there."
        ],
        [
            "The acrimony on display Thursday as the intelligence committee tried to resume its work on Russia\u2019s intervention in the 2016 presidential election laid bare the bitter divide that persists in Congress even after Mr. Mueller, the special counsel, completed his 22-month investigation of the subject.",
            "The Republican demand and the barbed response of the committee\u2019s chairman, Representative Adam B. Schiff, echoed well outside the wood-paneled House hearing room."
        ],
        [
            "Representative Kevin McCarthy, the House Republican leader, spent much of his weekly news conference comparing Mr. Schiff, a fellow Californian, to Senator Joseph R. McCarthy, who fueled fears in the 1950s that Communist spies had infiltrated the American government.",
            "Representative Michael R. Turner, Republican of Ohio, played the same card in the hearing room, fuming that Mr. Schiff would not accept Attorney General William P. Barr\u2019s word that Mr. Mueller had not found the Trump campaign to have taken part in a conspiracy to undermine the election."
        ],
        [
            "\u201cWith McCarthyism,\u201d a senator was \u201cchasing after Russian Communists,\u201d Mr. Turner, an Intelligence Committee member, said.",
            "\u201cNow we have Schiff chasing after Russian collusion.\u201d"
        ],
        [
            "Undaunted, Mr. Schiff made clear he was not about to step down, nor was he about to absolve President Trump or his campaign from nefarious conduct with Moscow \u2014 especially without seeing Mr. Mueller\u2019s report first.",
            "The Justice Department revealed on Thursday that the report came in at more than 300 pages, raising more questions about what information was behind the four-page summary released by Mr. Barr."
        ],
        [
            "Mr. Schiff had many questions of his own."
        ],
        [
            "\u201cYou might think that it\u2019s O.K. that the president\u2019s son-in-law sought to establish a secret back channel of communications with the Russians through a Russian diplomatic facility.",
            "I don\u2019t think that\u2019s O.K. You might think it\u2019s O.K. that an associate of the president made direct contact with the G.R.U. through Guccifer 2.0 and WikiLeaks; that is considered a hostile intelligence agency,\u201d Mr. Schiff said, referring to Russian military intelligence and a Russian intelligence hacker."
        ],
        [
            "He continued: \u201cYou might think that it\u2019s O.K. that the national security-designate secretly conferred with the Russian ambassador about undermining U.S. sanctions.",
            "And you might think it\u2019s O.K. he lied about it to the F.B.I. You might say that\u2019s all O.K.",
            "You might say that\u2019s just what you need to do to win.",
            "But I don\u2019t think it\u2019s O.K. I think it\u2019s immoral. I think it\u2019s unethical. I think it\u2019s unpatriotic. And yes, I think it\u2019s corrupt.\u201d"
        ],
        [
            "Democrats who now control the House say that they will accept Mr. Mueller\u2019s findings, but as Mr. Schiff\u2019s monologue indicated they are increasingly determined not to let go of what they see as a deeply troubling pattern of wrongdoing by Mr. Trump, his businesses and his administration."
        ],
        [
            "That has in turn enraged Republicans, who have happily embraced what they call Mr. Mueller\u2019s absolution of Mr. Trump.",
            "They say Democrats will stop at nothing to ruin his presidency, and bristle at Democrats accusing them of turning a blind eye to the Russian threat.",
            "And at the center of their wrath is Mr. Schiff, whose doughy-faced demeanor hardly evokes an attack dog."
        ],
        [
            "\u201cThe findings of the special counsel conclusively refute your past and present assertions and have exposed you as having abused your position to knowingly promote false information, having damaged the integrity of this committee, and undermined faith in U.S. government institutions,\u201d Representative K. Michael Conaway, Republican of Texas, said to Mr. Schiff."
        ],
        [
            "Reading from a letter signed by every Republican member of the committee, Mr. Conaway added, \u201cYour actions both past and present are incompatible with your duties as chairman of this committee.\u201d"
        ],
        [
            "Mr. Trump intervened as well, accusing Mr. Schiff of \u201cknowingly and unlawfully lying and leaking.\u201d",
            "He \u201cshould be forced to resign from Congress!\u201d the president wrote on Twitter."
        ],
        [
            "Mr. Schiff, clearly prepared for the ambush, argued that there was a difference between prosecutors proving a criminal conspiracy and the committee investigating evidence of foreign compromise.",
            "The committee\u2019s own investigative work would go on, he signaled, though outside the hearing room he has indicated that work may well need to shift course once Mr. Mueller\u2019s findings are fully understood."
        ],
        [
            "Democrats backed him.",
            "\u201cHistory will clarify what has happened,\u201d said Representative Jim Himes, Democrat of Connecticut."
        ],
        [
            "Speaker Nancy Pelosi of California praised Mr. Schiff as \u201ccalm, professional, patriotic,\u201d and said his work as the chairman of the committee has been \u201cin stark contrast to the irresponsible and almost criminal behavior of the previous chair of the committee,\u201d Representative Devin Nunes, Republican of California."
        ],
        [
            "\u201cWhat is the president afraid of \u2014 that he would go after a chairman of the committee?\u201d she said.",
            "\u201cI think they\u2019re just scaredy-cats.",
            "They just don\u2019t know what to do.\u201d"
        ],
        [
            "The party gave Mr. Schiff a more formal nod of confidence this week as well.",
            "On Wednesday, the Democratic Congressional Campaign Committee, House Democrats\u2019 campaign arm, announced that Mr. Schiff would serve as a key fund-raiser for the caucus\u2019s most vulnerable members to help put together a firewall to project the House majority."
        ],
        [
            "Out of the glare of the television cameras, Democrats are somewhat more circumspect."
        ],
        [
            "\u201cIn the heat of the political moment just as the Republicans wanted to try to convict Hillary Clinton in the public sphere, Democrats probably contributed to the expectations that the outcome would be worse for the president than it was,\u201d Mr. Himes said in an interview a day ahead of the hearing."
        ],
        [
            "Notably sitting out the fight was Mr. Nunes, whom Democrats have accused of many of the same abuses that Republicans accused Mr. Schiff of on Thursday and whose resignation they asked for last year.",
            "Mr. Nunes\u2019s sustained work last term to scrutinize the origins of the Russia investigation and accuse federal law enforcement officials of acting out of anti-Trump political bias sent convulsions through what in quieter times is one of Congress\u2019s more bipartisan bodies."
        ],
        [
            "\u201cWe should not be used as a platform to spread false information and bizarre conspiracies,\u201d Mr. Nunes said on Thursday in brief remarks before deferring to Mr. Conaway."
        ],
        [
            "Thursday\u2019s showdown came, ironically enough, during a hearing with four subject experts on \u201cPutin\u2019s Playbook: The Kremlin\u2019s Use of Oligarchs, Money and Intelligence in 2016 and Beyond.\u201d",
            "Down the line, the witnesses warned that Vladimir V. Putin\u2019s Russia would only grow bolder in its efforts to destabilize western democracies, including the United States."
        ],
        [
            "\u201cThe bad news is that there is a new ideological fight between Putinism and the West, and it has only just begun,\u201d said Michael McFaul, an ambassador to Moscow under former President Barack Obama.",
            "\u201cIn my estimation, we as a country are underestimating it.\u201d"
        ],
        [
            "The whole episode offered a sharp contrast to the Senate Intelligence Committee, which with a yawning pace and no-leaks team has continued apace with its own Russia investigation.",
            "The committee\u2019s chairman, Senator Richard M. Burr of North Carolina, said this week that he aimed to finish witness interviews in the coming weeks and issue the last in a series of reports on the panel\u2019s findings in the coming months."
        ],
        [
            "On Thursday, as Democrats and Republicans in the House traded recriminations, the Senate panel quietly called back for another interview with Jared Kushner, Mr. Trump\u2019s son-in-law and senior adviser."
        ]
    ]
}
