{
    "source": "hpo",
    "main-entities": ["William Barr", "House Democrats", "Donald Trump"],
    "main-event": "Democrats demand release of full Mueller report",
    "title": "Democrats Demand Immediate Release Of Mueller Report",
    "url": "https://www.huffpost.com/entry/democrats-immediate-release-mueller-report_n_5c95524ee4b01ebeef0f3b74",
    "word-count": 514,
    "date": "2019-03-22",
    "uuid": "8de59e52-5a1d-4a68-b65b-003b2b60d2b0",
    "triplet-uuid": "e71d149d-0426-43f0-87e8-8c611dad7205",
    "body-paragraphs": [
        [
            "Democrats want access to special counsel Robert Mueller\u2019s investigation into Russian interference in the 2016 presidential election before President Donald Trump has a chance to interfere."
        ],
        [
            "In a joint letter from the chairs of six committees in the U.S. House of Representatives, Democrats wrote they expect Attorney General William Barr to make Mueller\u2019s report public immediately."
        ],
        [
            "\u201cAfter nearly two years of investigation \u2014 accompanied by two years of unprecedented attacks on the integrity of the investigation by President Trump \u2014 the public and Congress are entitled to know what the Special Counsel has found,\u201d the letter urged."
        ],
        [
            "Its signatories include House Judiciary Committee Chairman Jerrold Nadler (D-N.Y.), oversight committee Chairman Elijah Cummings (D-Md.), intelligence committee Chairman Adam Schiff (D-Calif.), Financial Services Committee Chairwoman Maxine Waters (D-Calif.), Ways and Means Committee Chairman Richard Neal (D-Mass.) and Foreign Affairs Committee Chairman Eliot Engel (D-N.Y.)"
        ],
        [
            "Earlier, Sen. Mark Warner (D-Va.) released a statement immediately after the Mueller report was revealed to be complete, demanding that Barr quickly put together a redacted, releasable version for Congress to access."
        ],
        [
            "Warner said in a statement: \u201cCongress and the American people deserve to judge the facts for themselves.",
            "The Special Counsel\u2019s report must be provided to Congress immediately, and the Attorney General should swiftly prepare a declassified version of the report for the public.",
            "Nothing short of that will suffice."
        ],
        [
            "It is also critical that all documents related to the Special Counsel\u2019s investigation be preserved and made available to the appropriate Congressional committees.",
            "Any attempt by the Trump Administration to cover up the results of this investigation into Russia\u2019s attack on our democracy would be unacceptable.\u201d"
        ],
        [
            "He joined a number of other Democrats, including several 2020 presidential candidates, who either had statements prepared or tweeted about a prompt release."
        ],
        [
            "\u201cThe American people deserve to know the full truth about Russia\u2019s interference in our democracy,\u201d tweeted former Housing and Urban Development Secretary Juli\u00e1n Castro."
        ],
        [
            "Sen. Kirsten Gillibrand (D-N.Y.) said that the report should be released \u201cwithout delay,\u201d and House Speaker Nancy Pelosi (D-Calif.) and Senate Minority Leader Chuck Schumer (D-N.Y.) released a joint statement in agreement."
        ],
        [
            "They, like Warner, didn\u2019t want Trump to throw a wrench in Congress\u2019 spokes by getting early access to the documents."
        ],
        [
            "\u201cAttorney General Barr must not give President Trump, his lawyers or his staff any \u2018sneak preview\u2019 of Special Counsel Mueller\u2019s findings or evidence, and the White House must not be allowed to interfere in decisions about what parts of those findings or evidence are made public,\u201d the joint statement said."
        ],
        [
            "Sen. Bernie Sanders (I-Vt.), who is running for the Democratic presidential nomination, echoed Trump\u2019s own earlier call to release the report."
        ],
        [
            "Meanwhile, CNN reports that the \u201cprincipal conclusion\u201d of the report, which the attorney general will soon give to Congress, is expected to be made public."
        ],
        [
            "Trump\u2019s camp wasn\u2019t champing at the bit."
        ],
        [
            "\u201cWe\u2019re pleased that the Office of Special Counsel has delivered its report to the Attorney General pursuant to the regulations.",
            "Attorney General Barr will determine the appropriate next steps,\u201d said the president\u2019s personal attorneys Rudy Giuliani and Jay Sekulow in a joint statement."
        ]
    ]
}
