{
    "article-level-annotations": {
        "author_feeling_Michele_Bachmann": "neu",
        "author_feeling_Newsweek": "neg",
        "author_feeling_main_event": "neu",
        "notes": "",
        "relative_stance": "center",
        "you_feeling_Michele_Bachmann": "neu",
        "you_feeling_Newsweek": "neu"
    },
    "pair-uuid": "550b80db-bdd5-442b-8f70-c8e9f3203a13",
    "phrase-level-annotations": [
        {
            "aim": "dir",
            "bias": "inf",
            "end": 141,
            "id": "p4",
            "indirect-ally-opponent-sentiment": "",
            "indirect-target-name": "",
            "notes": "",
            "polarity": "neg",
            "quote": "yes",
            "speaker": "other_anti",
            "start": 0,
            "target": "Newsweek",
            "txt": "\u201cExactly what were the editors thinking putting this kind of a picture of a sitting congresswoman and presidential candidate on their cover?\u201d"
        },
        {
            "aim": "dir",
            "bias": "inf",
            "end": 168,
            "id": "p5",
            "indirect-ally-opponent-sentiment": "",
            "indirect-target-name": "",
            "notes": "",
            "polarity": "neg",
            "quote": "yes",
            "speaker": "other_anti",
            "start": 53,
            "target": "Newsweek",
            "txt": "\u201cCan anyone really say with a straight face that the Mainstream Media is not totally biased against conservatives?\u201d"
        },
        {
            "aim": "dir",
            "bias": "inf",
            "end": 14,
            "id": "p7",
            "indirect-ally-opponent-sentiment": "",
            "indirect-target-name": "",
            "notes": "",
            "polarity": "neg",
            "quote": "yes",
            "speaker": "other_anti",
            "start": 0,
            "target": "Newsweek",
            "txt": "\u201cIt\u2019s sexist,\u201d"
        },
        {
            "aim": "dir",
            "bias": "inf",
            "end": 134,
            "id": "p16",
            "indirect-ally-opponent-sentiment": "",
            "indirect-target-name": "",
            "notes": "",
            "polarity": "neg",
            "quote": "no",
            "speaker": "",
            "start": 0,
            "target": "Newsweek",
            "txt": "In 2009, the editors selected a photo of Sarah Palin in running shorts, which the former governor \u2014 and many others \u2014 called \u201csexist.\u201d"
        },
        {
            "aim": "dir",
            "bias": "inf",
            "end": 127,
            "id": "p18",
            "indirect-ally-opponent-sentiment": "",
            "indirect-target-name": "",
            "notes": "",
            "polarity": "neg",
            "quote": "no",
            "speaker": "",
            "start": 0,
            "target": "Newsweek",
            "txt": "The Atlantic Wire ran a story about that cover called, simply, \u201cHow Creepy Is Princess Diana\u2019s Ghost on the Cover of Newsweek?\u201d"
        },
        {
            "aim": "dir",
            "bias": "lex",
            "end": 40,
            "id": "p1",
            "indirect-ally-opponent-sentiment": "",
            "indirect-target-name": "",
            "notes": "",
            "polarity": "neg",
            "quote": "no",
            "speaker": "",
            "start": 25,
            "target": "Michele_Bachmann",
            "txt": "very, very wide"
        },
        {
            "aim": "dir",
            "bias": "inf",
            "end": 40,
            "id": "p10",
            "indirect-ally-opponent-sentiment": "",
            "indirect-target-name": "",
            "notes": "",
            "polarity": "neg",
            "quote": "yes",
            "speaker": "other_anti",
            "start": 0,
            "target": "Newsweek",
            "txt": "Surely this has never been done to a man"
        },
        {
            "aim": "dir",
            "bias": "inf",
            "end": 186,
            "id": "p17",
            "indirect-ally-opponent-sentiment": "",
            "indirect-target-name": "",
            "notes": "",
            "polarity": "neg",
            "quote": "no",
            "speaker": "",
            "start": 0,
            "target": "Newsweek",
            "txt": "Just this past June, the news magazine ran a computer generated image of Catherine, the new Duchess of Cambridge, walking alongside Princess Diana, who has been dead for nearly 14 years."
        }
    ],
    "uuid": "94f44f3d-7d33-46c6-8335-39dcc2818374"
}