{
    "article-level-annotations": {
        "author_feeling_Democratic_Lawmakers": "neu",
        "author_feeling_Republican_Lawmakers": "neu",
        "author_feeling_U.S._Congress": "neu",
        "author_feeling_main_event": "neu",
        "notes": "",
        "relative_stance": "center",
        "you_feeling_Democratic_Lawmakers": "neu",
        "you_feeling_Republican_Lawmakers": "neu",
        "you_feeling_U.S._Congress": "neu"
    },
    "pair-uuid": "a28a0329-0887-42dc-bd3d-3bb4f8926757",
    "phrase-level-annotations": [
        {
            "aim": "dir",
            "bias": "inf",
            "end": 60,
            "id": "p0",
            "indirect-ally-opponent-sentiment": "",
            "indirect-target-name": "",
            "notes": "",
            "polarity": "neg",
            "quote": "no",
            "speaker": "",
            "start": 0,
            "target": "U.S._Congress",
            "txt": "Even for a Congress known to battle over every little detail"
        },
        {
            "aim": "ind_pro",
            "bias": "inf",
            "end": 205,
            "id": "p15",
            "indirect-ally-opponent-sentiment": "neg",
            "indirect-target-name": "House reading",
            "notes": "",
            "polarity": "neg",
            "quote": "yes",
            "speaker": "Democratic_Lawmakers",
            "start": 0,
            "target": "U.S._Congress",
            "txt": "\"It is a failure to show Americans that while we seek a more perfect union, we do so from imperfect beginnings, through an imperfect history, with an imperfect government created by an imperfect document,\""
        },
        {
            "aim": "dir",
            "bias": "inf",
            "end": 41,
            "id": "p18",
            "indirect-ally-opponent-sentiment": "",
            "indirect-target-name": "",
            "notes": "",
            "polarity": "neg",
            "quote": "yes",
            "speaker": "Democratic_Lawmakers",
            "start": 0,
            "target": "Republican_Lawmakers",
            "txt": "\"They are reading it like a sacred text,\""
        },
        {
            "aim": "dir",
            "bias": "inf",
            "end": 144,
            "id": "p19",
            "indirect-ally-opponent-sentiment": "",
            "indirect-target-name": "",
            "notes": "",
            "polarity": "neg",
            "quote": "no",
            "speaker": "",
            "start": 0,
            "target": "Republican_Lawmakers",
            "txt": "Nadler derided what he called the \"ritualistic reading\" as \"total nonsense\" and \"propaganda\" intended to give Republicans claim to the document."
        },
        {
            "aim": "dir",
            "bias": "inf",
            "end": 52,
            "id": "p21",
            "indirect-ally-opponent-sentiment": "",
            "indirect-target-name": "",
            "notes": "",
            "polarity": "neg",
            "quote": "yes",
            "speaker": "other_neutral",
            "start": 0,
            "target": "Republican_Lawmakers",
            "txt": "\"You are not supposed to worship your Constitution,\""
        },
        {
            "aim": "dir",
            "bias": "inf",
            "end": 280,
            "id": "p29",
            "indirect-ally-opponent-sentiment": "",
            "indirect-target-name": "",
            "notes": "",
            "polarity": "neg",
            "quote": "yes",
            "speaker": "other_neutral",
            "start": 110,
            "target": "Republican_Lawmakers",
            "txt": "\"not insignificant given that many Republicans have decided -- implausibly, in my opinion -- that the Constitution is the vehicle that can reduce the size of government.\""
        },
        {
            "aim": "dir",
            "bias": "lex",
            "end": 76,
            "id": "p8",
            "indirect-ally-opponent-sentiment": "",
            "indirect-target-name": "",
            "notes": "",
            "polarity": "neg",
            "quote": "no",
            "speaker": "",
            "start": 66,
            "target": "Democratic_Lawmakers",
            "txt": "complained"
        },
        {
            "aim": "dir",
            "bias": "lex",
            "end": 89,
            "id": "p14",
            "indirect-ally-opponent-sentiment": "",
            "indirect-target-name": "",
            "notes": "",
            "polarity": "neg",
            "quote": "yes",
            "speaker": "Democratic_Lawmakers",
            "start": 85,
            "target": "Republican_Lawmakers",
            "txt": "fail"
        },
        {
            "aim": "dir",
            "bias": "lex",
            "end": 8,
            "id": "p16",
            "indirect-ally-opponent-sentiment": "",
            "indirect-target-name": "",
            "notes": "",
            "polarity": "neg",
            "quote": "yes",
            "speaker": "Democratic_Lawmakers",
            "start": 4,
            "target": "Republican_Lawmakers",
            "txt": "fail"
        },
        {
            "aim": "dir",
            "bias": "inf",
            "end": 149,
            "id": "p23",
            "indirect-ally-opponent-sentiment": "",
            "indirect-target-name": "",
            "notes": "",
            "polarity": "neg",
            "quote": "no",
            "speaker": "",
            "start": 99,
            "target": "Republican_Lawmakers",
            "txt": "which estimated it as costing more than $1 million"
        },
        {
            "aim": "dir",
            "bias": "inf",
            "end": 99,
            "id": "p29",
            "indirect-ally-opponent-sentiment": "",
            "indirect-target-name": "",
            "notes": "",
            "polarity": "neg",
            "quote": "yes",
            "speaker": "other_neutral",
            "start": 80,
            "target": "Republican_Lawmakers",
            "txt": "\"a bit of theater,\""
        },
        {
            "aim": "ind_pro",
            "bias": "lex",
            "end": 29,
            "id": "p37",
            "indirect-ally-opponent-sentiment": "neg",
            "indirect-target-name": "John Boehner",
            "notes": "",
            "polarity": "neg",
            "quote": "yes",
            "speaker": "other_anti",
            "start": 22,
            "target": "Republican_Lawmakers",
            "txt": "cronies"
        }
    ],
    "uuid": "4d1963de-dcbe-4c3e-bc73-a520ee40dcf5"
}