{
    "article-level-annotations": {
        "author_feeling_Anthony_Weiner": "neg",
        "author_feeling_main_event": "neg",
        "notes": "",
        "relative_stance": "conservative",
        "you_feeling_Anthony_Weiner": "neu"
    },
    "pair-uuid": "c21cb217-3e2c-49bd-884d-5c74a165ef10",
    "phrase-level-annotations": [
        {
            "aim": "dir",
            "bias": "lex",
            "end": 78,
            "id": "p2",
            "indirect-ally-opponent-sentiment": "",
            "indirect-target-name": "",
            "notes": "",
            "polarity": "neg",
            "quote": "no",
            "speaker": "",
            "start": 59,
            "target": "Anthony_Weiner",
            "txt": "continued to allege"
        },
        {
            "aim": "dir",
            "bias": "lex",
            "end": 27,
            "id": "p7",
            "indirect-ally-opponent-sentiment": "",
            "indirect-target-name": "",
            "notes": "sarcastic quotes",
            "polarity": "neg",
            "quote": "no",
            "speaker": "",
            "start": 16,
            "target": "Anthony_Weiner",
            "txt": "\"certainly\""
        },
        {
            "aim": "dir",
            "bias": "lex",
            "end": 151,
            "id": "p8",
            "indirect-ally-opponent-sentiment": "",
            "indirect-target-name": "",
            "notes": "",
            "polarity": "neg",
            "quote": "no",
            "speaker": "",
            "start": 132,
            "target": "Anthony_Weiner",
            "txt": "after getting testy"
        },
        {
            "aim": "dir",
            "bias": "inf",
            "end": 209,
            "id": "p30",
            "indirect-ally-opponent-sentiment": "",
            "indirect-target-name": "",
            "notes": "",
            "polarity": "neg",
            "quote": "no",
            "speaker": "",
            "start": 0,
            "target": "Anthony_Weiner",
            "txt": "Porn star Ginger Lee tweeted last month that she received a direct message from Weiner, and several other attractive women say they've been surprised to get a \"follow\" or a message from the prominent Democrat."
        },
        {
            "aim": "dir",
            "bias": "inf",
            "end": 104,
            "id": "p29",
            "indirect-ally-opponent-sentiment": "",
            "indirect-target-name": "",
            "notes": "",
            "polarity": "neg",
            "quote": "no",
            "speaker": "",
            "start": 0,
            "target": "Anthony_Weiner",
            "txt": "Cordova is just one of 198 people that Weiner follows on Twitter, though he has nearly 50,000 followers."
        },
        {
            "aim": "dir",
            "bias": "inf",
            "end": 96,
            "id": "p8",
            "indirect-ally-opponent-sentiment": "",
            "indirect-target-name": "",
            "notes": "",
            "polarity": "neg",
            "quote": "no",
            "speaker": "",
            "start": 23,
            "target": "Anthony_Weiner",
            "txt": "who is known for his combative style in interviews and on the House floor"
        },
        {
            "aim": "ind_general",
            "bias": "lex",
            "end": 72,
            "id": "p15",
            "indirect-ally-opponent-sentiment": "neu",
            "indirect-target-name": "reporter",
            "notes": "",
            "polarity": "neg",
            "quote": "yes",
            "speaker": "Anthony_Weiner",
            "start": 62,
            "target": "Anthony_Weiner",
            "txt": "\"jackass.\""
        },
        {
            "aim": "dir",
            "bias": "inf",
            "end": 186,
            "id": "p18",
            "indirect-ally-opponent-sentiment": "",
            "indirect-target-name": "",
            "notes": "",
            "polarity": "neg",
            "quote": "no",
            "speaker": "",
            "start": 0,
            "target": "Anthony_Weiner",
            "txt": "Weiner's office initially said the congressman's account was \"obviously hacked,\" but the representative has since taken to calling the incident a \"prank\" -- he used both terms Wednesday."
        },
        {
            "aim": "dir",
            "bias": "inf",
            "end": 100,
            "id": "p31",
            "indirect-ally-opponent-sentiment": "",
            "indirect-target-name": "",
            "notes": "",
            "polarity": "neg",
            "quote": "no",
            "speaker": "",
            "start": 0,
            "target": "Anthony_Weiner",
            "txt": "Those claims are all circumstantial, but it doesn't help his case should there ever actually be one."
        }
    ],
    "uuid": "fe4844ec-8707-45df-aee5-6964add1c47f"
}