{
    "article-level-annotations": {
        "author_feeling_Donald_Trump": "neg",
        "author_feeling_James_Mattis": "pos",
        "author_feeling_main_event": "neg",
        "notes": "",
        "relative_stance": "liberal",
        "you_feeling_Donald_Trump": "neu",
        "you_feeling_James_Mattis": "neu"
    },
    "phrase-level-annotations": [
        {
            "aim": "dir",
            "bias": "inf",
            "end": 133,
            "id": "p0",
            "indirect-ally-opponent-sentiment": "",
            "indirect-target-name": "",
            "notes": "",
            "polarity": "neg",
            "quote": "no",
            "speaker": "",
            "start": 43,
            "target": "Donald_Trump",
            "txt": "whose experience and stability were widely seen as a balance to an unpredictable president"
        },
        {
            "aim": "dir",
            "bias": "inf",
            "end": 155,
            "id": "p19",
            "indirect-ally-opponent-sentiment": "",
            "indirect-target-name": "",
            "notes": "",
            "polarity": "neg",
            "quote": "no",
            "speaker": "",
            "start": 0,
            "target": "Donald_Trump",
            "txt": "It was also the first resignation over a major national security issue by a leading cabinet member since 1980, when Cyrus Vance quit as secretary of state."
        },
        {
            "aim": "dir",
            "bias": "inf",
            "end": 166,
            "id": "p27",
            "indirect-ally-opponent-sentiment": "",
            "indirect-target-name": "",
            "notes": "",
            "polarity": "neg",
            "quote": "no",
            "speaker": "",
            "start": 43,
            "target": "Donald_Trump",
            "txt": "which was opposed by virtually every high-level administration official but lauded by President Vladimir V. Putin of Russia"
        },
        {
            "aim": "dir",
            "bias": "lex",
            "end": 233,
            "id": "p1",
            "indirect-ally-opponent-sentiment": "",
            "indirect-target-name": "",
            "notes": "",
            "polarity": "neg",
            "quote": "no",
            "speaker": "",
            "start": 224,
            "target": "Donald_Trump",
            "txt": "mercurial"
        },
        {
            "aim": "dir",
            "bias": "lex",
            "end": 43,
            "id": "p2",
            "indirect-ally-opponent-sentiment": "",
            "indirect-target-name": "",
            "notes": "",
            "polarity": "neg",
            "quote": "no",
            "speaker": "",
            "start": 23,
            "target": "Donald_Trump",
            "txt": "extraordinary rebuke"
        },
        {
            "aim": "dir",
            "bias": "inf",
            "end": 46,
            "id": "p4",
            "indirect-ally-opponent-sentiment": "",
            "indirect-target-name": "",
            "notes": "",
            "polarity": "pos",
            "quote": "no",
            "speaker": "",
            "start": 12,
            "target": "James_Mattis",
            "txt": "a retired four-star Marine general"
        },
        {
            "aim": "ind_pro",
            "bias": "inf",
            "end": 174,
            "id": "p20",
            "indirect-ally-opponent-sentiment": "pos",
            "indirect-target-name": "Cyrus Vance",
            "notes": "(also negative Trump)",
            "polarity": "pos",
            "quote": "no",
            "speaker": "",
            "start": 116,
            "target": "James_Mattis",
            "txt": "Mr. Vance considered ill-advised and that ended in tragedy"
        },
        {
            "aim": "dir",
            "bias": "lex",
            "end": 237,
            "id": "p23",
            "indirect-ally-opponent-sentiment": "",
            "indirect-target-name": "",
            "notes": "",
            "polarity": "neg",
            "quote": "no",
            "speaker": "",
            "start": 230,
            "target": "Donald_Trump",
            "txt": "derided"
        },
        {
            "aim": "dir",
            "bias": "inf",
            "end": 221,
            "id": "p26",
            "indirect-ally-opponent-sentiment": "",
            "indirect-target-name": "",
            "notes": "",
            "polarity": "neg",
            "quote": "no",
            "speaker": "",
            "start": 183,
            "target": "Donald_Trump",
            "txt": "the president never fully comprehended"
        },
        {
            "aim": "dir",
            "bias": "inf",
            "end": 214,
            "id": "p35",
            "indirect-ally-opponent-sentiment": "",
            "indirect-target-name": "",
            "notes": "",
            "polarity": "neg",
            "quote": "no",
            "speaker": "",
            "start": 140,
            "target": "Donald_Trump",
            "txt": "a president with scant understanding of his own role as commander in chief"
        },
        {
            "aim": "dir",
            "bias": "inf",
            "end": 131,
            "id": "p35",
            "indirect-ally-opponent-sentiment": "",
            "indirect-target-name": "",
            "notes": "",
            "polarity": "pos",
            "quote": "no",
            "speaker": "",
            "start": 0,
            "target": "James_Mattis",
            "txt": "The career Marine was respected among allies and adversaries and on Capitol Hill, and he was beloved in the Pentagon as a protector"
        },
        {
            "aim": "dir",
            "bias": "inf",
            "end": 124,
            "id": "p41",
            "indirect-ally-opponent-sentiment": "",
            "indirect-target-name": "",
            "notes": "",
            "polarity": "neg",
            "quote": "no",
            "speaker": "",
            "start": 0,
            "target": "Donald_Trump",
            "txt": "The widely accepted narrative that Mr. Mattis was the adult in the room when at the White House came to annoy the president."
        },
        {
            "aim": "ind_anti",
            "bias": "inf",
            "end": 16,
            "id": "p14",
            "indirect-ally-opponent-sentiment": "neg",
            "indirect-target-name": "Troop withdrawal",
            "notes": "",
            "polarity": "neg",
            "quote": "yes",
            "speaker": "other_anti",
            "start": 0,
            "target": "Donald_Trump",
            "txt": "\u201cThis is scary,\u201d"
        },
        {
            "aim": "dir",
            "bias": "inf",
            "end": 91,
            "id": "p15",
            "indirect-ally-opponent-sentiment": "",
            "indirect-target-name": "",
            "notes": "(also negative Trump)",
            "polarity": "pos",
            "quote": "yes",
            "speaker": "other_neutral",
            "start": 21,
            "target": "James_Mattis",
            "txt": "\u201can island of stability amidst the chaos of the Trump administration.\u201d"
        },
        {
            "aim": "dir",
            "bias": "inf",
            "end": 148,
            "id": "p16",
            "indirect-ally-opponent-sentiment": "",
            "indirect-target-name": "",
            "notes": "(also negative Trump)",
            "polarity": "pos",
            "quote": "yes",
            "speaker": "other_neutral",
            "start": 53,
            "target": "James_Mattis",
            "txt": "\u201ca sad day for America because Secretary Mattis was giving advice the President needs to hear.\u201d"
        }
    ],
    "triplet-uuid": "01c59743-7082-44fc-8414-3c04126f470f",
    "uuid": "1b4d3bf4-d326-4c87-927c-1d6dfc6d5626"
}