{
    "article-level-annotations": {
        "author_feeling_Chuck_Schumer": "neg",
        "author_feeling_Democratic_Lawmakers": "neg",
        "author_feeling_Republican_Lawmakers": "neu",
        "author_feeling_main_event": "neu",
        "notes": "",
        "relative_stance": "conservative",
        "you_feeling_Chuck_Schumer": "neu",
        "you_feeling_Democratic_Lawmakers": "neu",
        "you_feeling_Republican_Lawmakers": "neu"
    },
    "phrase-level-annotations": [
        {
            "aim": "dir",
            "bias": "inf",
            "end": 96,
            "id": "p2",
            "indirect-ally-opponent-sentiment": "",
            "indirect-target-name": "",
            "notes": "is the quote spoken by anti- or pro-target? In this case, it's liberal democrats attacking moderate democrats. ",
            "polarity": "neg",
            "quote": "yes",
            "speaker": "other_neutral",
            "start": 45,
            "target": "Democratic_Lawmakers",
            "txt": "a stunning display of moral and political cowardice"
        },
        {
            "aim": "ind_general",
            "bias": "inf",
            "end": 225,
            "id": "p3",
            "indirect-ally-opponent-sentiment": "neu",
            "indirect-target-name": "Dreamers",
            "notes": "",
            "polarity": "neg",
            "quote": "yes",
            "speaker": "other_neutral",
            "start": 156,
            "target": "Democratic_Lawmakers",
            "txt": "lives threatened by deportation from the only home they\u2019ve ever known"
        },
        {
            "aim": "ind_general",
            "bias": "lex",
            "end": 210,
            "id": "p4",
            "indirect-ally-opponent-sentiment": "neg",
            "indirect-target-name": "Dreamers",
            "notes": "",
            "polarity": "neg",
            "quote": "no",
            "speaker": "",
            "start": 201,
            "target": "Democratic_Lawmakers",
            "txt": "so-called"
        },
        {
            "aim": "ind_general",
            "bias": "inf",
            "end": 229,
            "id": "p5",
            "indirect-ally-opponent-sentiment": "neu",
            "indirect-target-name": "federal workers",
            "notes": "",
            "polarity": "neg",
            "quote": "no",
            "speaker": "",
            "start": 161,
            "target": "Democratic_Lawmakers",
            "txt": "even as nearly 1 million federal workers were furloughed without pay"
        },
        {
            "aim": "dir",
            "bias": "inf",
            "end": 63,
            "id": "p10",
            "indirect-ally-opponent-sentiment": "",
            "indirect-target-name": "",
            "notes": "",
            "polarity": "neg",
            "quote": "yes",
            "speaker": "other_neutral",
            "start": 0,
            "target": "Chuck_Schumer",
            "txt": "\u201cThis deal was morally reprehensible and political malpractice."
        },
        {
            "aim": "dir",
            "bias": "inf",
            "end": 23,
            "id": "p12",
            "indirect-ally-opponent-sentiment": "",
            "indirect-target-name": "",
            "notes": "",
            "polarity": "neg",
            "quote": "yes",
            "speaker": "other_neutral",
            "start": 0,
            "target": "Democratic_Lawmakers",
            "txt": "He failed in that today"
        },
        {
            "aim": "dir",
            "bias": "lex",
            "end": 289,
            "id": "p14",
            "indirect-ally-opponent-sentiment": "",
            "indirect-target-name": "",
            "notes": "",
            "polarity": "neg",
            "quote": "yes",
            "speaker": "other_neutral",
            "start": 256,
            "target": "Democratic_Lawmakers",
            "txt": "weak and profoundly disappointing"
        },
        {
            "aim": "dir",
            "bias": "inf",
            "end": 113,
            "id": "p23",
            "indirect-ally-opponent-sentiment": "",
            "indirect-target-name": "",
            "notes": "",
            "polarity": "neg",
            "quote": "yes",
            "speaker": "other_neutral",
            "start": 0,
            "target": "Democratic_Lawmakers",
            "txt": "\u201cWe cannot rely on empty promises from those who have already proven to play politics with the lives of Dreamers."
        }
    ],
    "triplet-uuid": "1ed4f378-b9d4-43b8-8d50-53d0cc063332",
    "uuid": "dba3c81f-9ecf-44f3-9b71-4e47f133520c"
}