{
    "article-level-annotations": {
        "author_feeling_Democratic_Lawmakers": "neg",
        "author_feeling_Republican_Lawmakers": "neu",
        "author_feeling_main_event": "neu",
        "notes": "",
        "relative_stance": "center",
        "you_feeling_Democratic_Lawmakers": "neu",
        "you_feeling_Republican_Lawmakers": "neu"
    },
    "phrase-level-annotations": [
        {
            "aim": "dir",
            "bias": "lex",
            "end": 69,
            "id": "p6",
            "indirect-ally-opponent-sentiment": "",
            "indirect-target-name": "",
            "notes": "",
            "polarity": "neg",
            "quote": "no",
            "speaker": "",
            "start": 58,
            "target": "Democratic_Lawmakers",
            "txt": "humiliating"
        },
        {
            "aim": "dir",
            "bias": "inf",
            "end": 85,
            "id": "p16",
            "indirect-ally-opponent-sentiment": "",
            "indirect-target-name": "",
            "notes": "",
            "polarity": "neg",
            "quote": "no",
            "speaker": "",
            "start": 0,
            "target": "Republican_Lawmakers",
            "txt": "Mr. Schumer is not a figure of derision on the left as Mr. McConnell is on the right."
        },
        {
            "aim": "dir",
            "bias": "lex",
            "end": 82,
            "id": "p37",
            "indirect-ally-opponent-sentiment": "",
            "indirect-target-name": "",
            "notes": "",
            "polarity": "neg",
            "quote": "no",
            "speaker": "",
            "start": 78,
            "target": "Democratic_Lawmakers",
            "txt": "crow"
        },
        {
            "aim": "dir",
            "bias": "inf",
            "end": 145,
            "id": "p28",
            "indirect-ally-opponent-sentiment": "",
            "indirect-target-name": "",
            "notes": "",
            "polarity": "neg",
            "quote": "no",
            "speaker": "",
            "start": 0,
            "target": "Democratic_Lawmakers",
            "txt": "Mr. de L\u00e9on said Monday that Democrats had made a grave mistake striking \u201canother fingers-crossed bargain with Donald Trump and Mitch McConnell.\u201d"
        },
        {
            "aim": "dir",
            "bias": "inf",
            "end": 140,
            "id": "p30",
            "indirect-ally-opponent-sentiment": "",
            "indirect-target-name": "",
            "notes": "",
            "polarity": "neg",
            "quote": "yes",
            "speaker": "other_neutral",
            "start": 0,
            "target": "Democratic_Lawmakers",
            "txt": "\u201cOnce again, the party\u2019s leaders in Washington have capitulated, compromised and redrawn a line in the sand even further away from justice,\u201d"
        },
        {
            "aim": "dir",
            "bias": "inf",
            "end": 87,
            "id": "p4",
            "indirect-ally-opponent-sentiment": "",
            "indirect-target-name": "",
            "notes": "",
            "polarity": "neg",
            "quote": "yes",
            "speaker": "other_neutral",
            "start": 0,
            "target": "Democratic_Lawmakers",
            "txt": "\u201cThey blinked because they\u2019ll always put the party and the success of the party first,\u201d"
        }
    ],
    "triplet-uuid": "1ed4f378-b9d4-43b8-8d50-53d0cc063332",
    "uuid": "ba818730-bd59-4a1c-94ff-58141a581896"
}