{
    "article-level-annotations": {
        "author_feeling_Donald_Trump": "neu",
        "author_feeling_Peter_Strzok": "neg",
        "author_feeling_main_event": "pos",
        "notes": "",
        "relative_stance": "conservative",
        "you_feeling_Donald_Trump": "neu",
        "you_feeling_Peter_Strzok": "neu"
    },
    "phrase-level-annotations": [
        {
            "aim": "dir",
            "bias": "lex",
            "end": 57,
            "id": "p10",
            "indirect-ally-opponent-sentiment": "",
            "notes": "",
            "polarity": "neg",
            "quote": "yes",
            "speaker": "Donald_Trump",
            "start": 50,
            "target": "Peter_Strzok",
            "txt": "finally"
        },
        {
            "aim": "dir",
            "bias": "inf",
            "end": 148,
            "id": "p15",
            "indirect-ally-opponent-sentiment": "",
            "notes": "",
            "polarity": "neg",
            "quote": "no",
            "speaker": "",
            "start": 109,
            "target": "Peter_Strzok",
            "txt": "referring to them as \u201cclowns and losers"
        },
        {
            "aim": "ind_pro",
            "bias": "inf",
            "end": 182,
            "id": "p16",
            "indirect-ally-opponent-sentiment": "neg",
            "indirect-target-name": "Lisa Page",
            "notes": "should just be \"lover\" but guideline says informational should be clause?",
            "polarity": "neg",
            "quote": "no",
            "speaker": "",
            "start": 148,
            "target": "Peter_Strzok",
            "txt": "with colleague and lover Lisa Page"
        },
        {
            "aim": "dir",
            "bias": "lex",
            "end": 44,
            "id": "p21",
            "indirect-ally-opponent-sentiment": "",
            "notes": "",
            "polarity": "neg",
            "quote": "no",
            "speaker": "",
            "start": 30,
            "target": "Peter_Strzok",
            "txt": "vowed to \"stop"
        },
        {
            "aim": "ind_pro",
            "bias": "lex",
            "end": 22,
            "id": "p25",
            "indirect-ally-opponent-sentiment": "neg",
            "indirect-target-name": "Trump's allies",
            "notes": "cheering at someone's firing",
            "polarity": "neg",
            "quote": "no",
            "speaker": "",
            "start": 15,
            "target": "Donald_Trump",
            "txt": "cheered"
        },
        {
            "aim": "dir",
            "bias": "inf",
            "end": 101,
            "id": "p27",
            "indirect-ally-opponent-sentiment": "",
            "indirect-target-name": "",
            "notes": "",
            "polarity": "neg",
            "quote": "yes",
            "speaker": "other_anti",
            "start": 0,
            "target": "Peter_Strzok",
            "txt": "he was willing to use his official FBI position to try and stop President Trump from getting elected."
        },
        {
            "aim": "dir",
            "bias": "inf",
            "end": 120,
            "id": "p28",
            "indirect-ally-opponent-sentiment": "",
            "notes": "",
            "polarity": "neg",
            "quote": "yes",
            "speaker": "other_anti",
            "start": 0,
            "target": "Peter_Strzok",
            "txt": "He tarnished the FBI's sterling reputation and severely damaged public trust in an institution where trust is paramount."
        },
        {
            "aim": "dir",
            "bias": "inf",
            "end": 48,
            "id": "p29",
            "indirect-ally-opponent-sentiment": "",
            "notes": "",
            "polarity": "neg",
            "quote": "yes",
            "speaker": "other_anti",
            "start": 0,
            "target": "Peter_Strzok",
            "txt": "His conduct should deeply concern every American"
        },
        {
            "aim": "dir",
            "bias": "inf",
            "end": 138,
            "id": "p7",
            "indirect-ally-opponent-sentiment": "",
            "notes": "doesn't say what for, makes him appear greedy/opportunistic",
            "polarity": "neg",
            "quote": "no",
            "speaker": "",
            "start": 112,
            "target": "Peter_Strzok",
            "txt": "linking to a GoFundMe page"
        },
        {
            "aim": "ind_pro",
            "bias": "inf",
            "end": 62,
            "id": "p11",
            "indirect-ally-opponent-sentiment": "neg",
            "indirect-target-name": "FBI & DOJ",
            "notes": "",
            "polarity": "neg",
            "quote": "yes",
            "speaker": "Donald_Trump",
            "start": 0,
            "target": "Peter_Strzok",
            "txt": "The list of bad players in the FBI & DOJ gets longer & longer."
        },
        {
            "aim": "ind_pro",
            "bias": "lex",
            "end": 61,
            "id": "p12",
            "indirect-ally-opponent-sentiment": "neg",
            "indirect-target-name": "FBI",
            "notes": "",
            "polarity": "neg",
            "quote": "yes",
            "speaker": "Donald_Trump",
            "start": 51,
            "target": "Peter_Strzok",
            "txt": "Witch Hunt"
        },
        {
            "aim": "ind_pro",
            "bias": "inf",
            "end": 19,
            "id": "p13",
            "indirect-ally-opponent-sentiment": "neg",
            "indirect-target-name": "FBI",
            "notes": "",
            "polarity": "neg",
            "quote": "yes",
            "speaker": "Donald_Trump",
            "start": 0,
            "target": "Peter_Strzok",
            "txt": "It is a total Hoax."
        },
        {
            "aim": "ind_anti",
            "bias": "inf",
            "end": 60,
            "id": "p3",
            "indirect-ally-opponent-sentiment": "neg",
            "indirect-target-name": "FBI",
            "notes": "",
            "polarity": "pos",
            "quote": "yes",
            "speaker": "other_pro",
            "start": 0,
            "target": "Peter_Strzok",
            "txt": "\u201cThis decision should be deeply troubling to all Americans,\u201d"
        }
    ],
    "triplet-uuid": "2a3fde8a-082a-4d8f-9567-f7e8366c0200",
    "uuid": "e73469ad-2ec0-4b96-8b64-ec9cdc1cbfba"
}