{
    "article-level-annotations": {
        "author_feeling_Donald_Trump": "neg",
        "author_feeling_main_event": "neg",
        "author_feeling_social_media_companies": "neu",
        "notes": "",
        "relative_stance": "center",
        "you_feeling_Donald_Trump": "neu",
        "you_feeling_social_media_companies": "neu"
    },
    "phrase-level-annotations": [
        {
            "aim": "dir",
            "bias": "lex",
            "end": 102,
            "id": "p0",
            "indirect-ally-opponent-sentiment": "",
            "notes": "",
            "polarity": "neg",
            "quote": "no",
            "speaker": "",
            "start": 94,
            "target": "social_media_companies",
            "txt": "unfairly"
        },
        {
            "aim": "dir",
            "bias": "inf",
            "end": 129,
            "id": "p12",
            "indirect-ally-opponent-sentiment": "",
            "notes": "",
            "polarity": "neg",
            "quote": "no",
            "speaker": "",
            "start": 52,
            "target": "social_media_companies",
            "txt": "although it has struggled to define what its policies against hate speech are"
        },
        {
            "aim": "dir",
            "bias": "lex",
            "end": 17,
            "id": "p8",
            "indirect-ally-opponent-sentiment": "",
            "notes": "",
            "polarity": "neg",
            "quote": "yes",
            "speaker": "Donald_Trump",
            "start": 12,
            "target": "social_media_companies",
            "txt": "fools"
        },
        {
            "aim": "dir",
            "bias": "inf",
            "end": 74,
            "id": "p10",
            "indirect-ally-opponent-sentiment": "",
            "notes": "",
            "polarity": "neg",
            "quote": "no",
            "speaker": "",
            "start": 32,
            "target": "Donald_Trump",
            "txt": "sent from his golf club in Bedminster, N.J"
        },
        {
            "aim": "ind_pro",
            "bias": "lex",
            "end": 66,
            "id": "p11",
            "indirect-ally-opponent-sentiment": "neg",
            "indirect-target-name": "conservatives",
            "notes": "",
            "polarity": "neg",
            "quote": "no",
            "speaker": "",
            "start": 60,
            "target": "Donald_Trump",
            "txt": "seized"
        },
        {
            "aim": "dir",
            "bias": "inf",
            "end": 150,
            "id": "p17",
            "indirect-ally-opponent-sentiment": "",
            "notes": "",
            "polarity": "neg",
            "quote": "no",
            "speaker": "",
            "start": 0,
            "target": "Donald_Trump",
            "txt": "Yet Mr. Trump has waged relentless attacks on news coverage that he does not like, and has long expressed hostility toward traditional press freedoms."
        },
        {
            "aim": "dir",
            "bias": "inf",
            "end": 114,
            "id": "p18",
            "indirect-ally-opponent-sentiment": "",
            "notes": "makes him look stupid",
            "polarity": "neg",
            "quote": "no",
            "speaker": "",
            "start": 51,
            "target": "Donald_Trump",
            "txt": "even though those statutes are in fact state, not federal, laws"
        },
        {
            "aim": "dir",
            "bias": "lex",
            "end": 24,
            "id": "p1",
            "indirect-ally-opponent-sentiment": "",
            "notes": "",
            "polarity": "neg",
            "quote": "yes",
            "speaker": "Donald_Trump",
            "start": 17,
            "target": "social_media_companies",
            "txt": "totally"
        },
        {
            "aim": "dir",
            "bias": "inf",
            "end": 133,
            "id": "p7",
            "indirect-ally-opponent-sentiment": "",
            "notes": "",
            "polarity": "neg",
            "quote": "no",
            "speaker": "",
            "start": 81,
            "target": "Donald_Trump",
            "txt": "who has long had an affinity for conspiracy theories"
        },
        {
            "aim": "dir",
            "bias": "lex",
            "end": 177,
            "id": "p16",
            "indirect-ally-opponent-sentiment": "",
            "indirect-target-name": "",
            "notes": "quotation marks imply sarcasm, leaning towards removing",
            "polarity": "neg",
            "quote": "no",
            "speaker": "",
            "start": 165,
            "target": "Donald_Trump",
            "txt": "\u201cfake news,\u201d"
        }
    ],
    "triplet-uuid": "ad409798-ee94-4436-92c5-92669193be14",
    "uuid": "01068367-cedb-432e-95ad-ccd754362c74"
}