{
    "article-level-annotations": {
        "author_feeling_Trump": "neg",
        "author_feeling_birthright_citizenship": "neu",
        "author_feeling_main_event": "neg",
        "notes": "",
        "relative_stance": "liberal",
        "you_feeling_Trump": "neu",
        "you_feeling_birthright_citizenship": "neu"
    },
    "phrase-level-annotations": [
        {
            "aim": "dir",
            "bias": "lex",
            "end": 177,
            "id": "p0",
            "indirect-ally-opponent-sentiment": "",
            "indirect-target-name": "",
            "notes": "",
            "polarity": "pos",
            "quote": "no",
            "speaker": "",
            "start": 168,
            "target": "birthright_citizenship",
            "txt": "enshrined"
        },
        {
            "aim": "dir",
            "bias": "inf",
            "end": 73,
            "id": "p8",
            "indirect-ally-opponent-sentiment": "",
            "indirect-target-name": "",
            "notes": "",
            "polarity": "neg",
            "quote": "no",
            "speaker": "",
            "start": 0,
            "target": "Trump",
            "txt": "More than 30 nations, including Canada and Mexico, have similar policies."
        },
        {
            "aim": "dir",
            "bias": "lex",
            "end": 169,
            "id": "p19",
            "indirect-ally-opponent-sentiment": "",
            "indirect-target-name": "",
            "notes": "",
            "polarity": "pos",
            "quote": "no",
            "speaker": "",
            "start": 160,
            "target": "birthright_citizenship",
            "txt": "wonderful"
        },
        {
            "aim": "dir",
            "bias": "inf",
            "end": 28,
            "id": "p28",
            "indirect-ally-opponent-sentiment": "",
            "indirect-target-name": "",
            "notes": "",
            "polarity": "neg",
            "quote": "yes",
            "speaker": "Trump",
            "start": 0,
            "target": "birthright_citizenship",
            "txt": "Our country is going to hell"
        },
        {
            "aim": "dir",
            "bias": "lex",
            "end": 28,
            "id": "p29",
            "indirect-ally-opponent-sentiment": "",
            "indirect-target-name": "",
            "notes": "",
            "polarity": "neg",
            "quote": "no",
            "speaker": "",
            "start": 18,
            "target": "Trump",
            "txt": "lasered in"
        },
        {
            "aim": "dir",
            "bias": "lex",
            "end": 96,
            "id": "p29",
            "indirect-ally-opponent-sentiment": "",
            "indirect-target-name": "",
            "notes": "",
            "polarity": "neg",
            "quote": "no",
            "speaker": "",
            "start": 84,
            "target": "Trump",
            "txt": "stoking fear"
        },
        {
            "aim": "dir",
            "bias": "lex",
            "end": 169,
            "id": "p9",
            "indirect-ally-opponent-sentiment": "",
            "indirect-target-name": "",
            "notes": "",
            "polarity": "neg",
            "quote": "no",
            "speaker": "",
            "start": 162,
            "target": "Trump",
            "txt": "bluster"
        },
        {
            "aim": "dir",
            "bias": "inf",
            "end": 120,
            "id": "p11",
            "indirect-ally-opponent-sentiment": "",
            "indirect-target-name": "",
            "notes": "",
            "polarity": "neg",
            "quote": "no",
            "speaker": "",
            "start": 59,
            "target": "Trump",
            "txt": "effectively punishing the children of undocumented immigrants"
        },
        {
            "aim": "dir",
            "bias": "lex",
            "end": 80,
            "id": "p6",
            "indirect-ally-opponent-sentiment": "",
            "indirect-target-name": "",
            "notes": "",
            "polarity": "neg",
            "quote": "yes",
            "speaker": "Trump",
            "start": 68,
            "target": "birthright_citizenship",
            "txt": "\u201cridiculous\u201d"
        },
        {
            "aim": "dir",
            "bias": "inf",
            "end": 157,
            "id": "p16",
            "indirect-ally-opponent-sentiment": "",
            "indirect-target-name": "",
            "notes": "",
            "polarity": "neg",
            "quote": "yes",
            "speaker": "other_anti",
            "start": 0,
            "target": "Trump",
            "txt": "\u201cThis is a transparent and blatantly unconstitutional attempt to sow division and fan the flames of anti-immigrant hatred in the days ahead of the midterms.\u201d"
        },
        {
            "aim": "dir",
            "bias": "inf",
            "end": 125,
            "id": "p25",
            "indirect-ally-opponent-sentiment": "",
            "indirect-target-name": "",
            "notes": "",
            "polarity": "neg",
            "quote": "yes",
            "speaker": "other_anti",
            "start": 0,
            "target": "birthright_citizenship",
            "txt": "\u201cThis policy is a magnet for illegal immigration, out of the mainstream of the developed world, and needs to come to an end,\u201d"
        }
    ],
    "triplet-uuid": "f688c56d-7fae-42ef-b7f7-7db207b58d27",
    "uuid": "b08688cf-84c0-493c-bc5a-5681eb94f2a3"
}