{
    "article-level-annotations": {
        "author_feeling_Trump": "neu",
        "author_feeling_birthright_citizenship": "neu",
        "author_feeling_main_event": "neu",
        "notes": "",
        "relative_stance": "conservative",
        "you_feeling_Trump": "neu",
        "you_feeling_birthright_citizenship": "neu"
    },
    "phrase-level-annotations": [
        {
            "aim": "dir",
            "bias": "lex",
            "end": 41,
            "id": "p23",
            "indirect-ally-opponent-sentiment": "",
            "notes": "",
            "polarity": "neg",
            "quote": "no",
            "speaker": "",
            "start": 29,
            "target": "Trump",
            "txt": "condemnation"
        },
        {
            "aim": "dir",
            "bias": "inf",
            "end": 36,
            "id": "p6",
            "indirect-ally-opponent-sentiment": "",
            "notes": "",
            "polarity": "neg",
            "quote": "yes",
            "speaker": "other_anti",
            "start": 0,
            "target": "birthright_citizenship",
            "txt": "No sane country would do that, right"
        },
        {
            "aim": "dir",
            "bias": "inf",
            "end": 115,
            "id": "p5",
            "indirect-ally-opponent-sentiment": "",
            "notes": "",
            "polarity": "neg",
            "quote": "yes",
            "speaker": "other_anti",
            "start": 0,
            "target": "birthright_citizenship",
            "txt": "\"If making it easy to be an illegal alien isn't enough, how about offering a reward for being an illegal immigrant?"
        },
        {
            "aim": "ind_pro",
            "bias": "lex",
            "end": 228,
            "id": "p18",
            "indirect-ally-opponent-sentiment": "neg",
            "indirect-target-name": "Republicans",
            "notes": "",
            "polarity": "neg",
            "quote": "no",
            "speaker": "",
            "start": 221,
            "target": "Trump",
            "txt": "blasted"
        },
        {
            "aim": "dir",
            "bias": "inf",
            "end": 106,
            "id": "p26",
            "indirect-ally-opponent-sentiment": "",
            "notes": "",
            "polarity": "neg",
            "quote": "yes",
            "speaker": "other_anti",
            "start": 0,
            "target": "Trump",
            "txt": "\"What he was saying today has no relationship to what his authority is, but that's of course not unusual.\""
        },
        {
            "aim": "dir",
            "bias": "lex",
            "end": 142,
            "id": "p0",
            "indirect-ally-opponent-sentiment": "",
            "notes": "",
            "polarity": "neg",
            "quote": "no",
            "speaker": "",
            "start": 135,
            "target": "Trump",
            "txt": "killing"
        },
        {
            "aim": "dir",
            "bias": "lex",
            "end": 10,
            "id": "p1",
            "indirect-ally-opponent-sentiment": "",
            "notes": "",
            "polarity": "neg",
            "quote": "yes",
            "speaker": "Trump",
            "start": 1,
            "target": "birthright_citizenship",
            "txt": "So-called"
        },
        {
            "aim": "dir",
            "bias": "inf",
            "end": 113,
            "id": "p1",
            "indirect-ally-opponent-sentiment": "",
            "notes": "",
            "polarity": "neg",
            "quote": "yes",
            "speaker": "Trump",
            "start": 83,
            "target": "birthright_citizenship",
            "txt": "is very unfair to our citizens"
        },
        {
            "aim": "ind_general",
            "bias": "lex",
            "end": 135,
            "id": "p3",
            "indirect-ally-opponent-sentiment": "neg",
            "indirect-target-name": "Democrats",
            "notes": "",
            "polarity": "neg",
            "quote": "yes",
            "speaker": "Trump",
            "start": 129,
            "target": "birthright_citizenship",
            "txt": "insane"
        },
        {
            "aim": "dir",
            "bias": "lex",
            "end": 15,
            "id": "p12",
            "indirect-ally-opponent-sentiment": "",
            "notes": "",
            "polarity": "neg",
            "quote": "yes",
            "speaker": "Trump",
            "start": 5,
            "target": "birthright_citizenship",
            "txt": "ridiculous"
        }
    ],
    "triplet-uuid": "f688c56d-7fae-42ef-b7f7-7db207b58d27",
    "uuid": "be779b0d-5737-4e7d-9c27-6f39fd63b6db"
}