{
    "article-level-annotations": {
        "author_feeling_Mitt_Romney": "neu",
        "author_feeling_Todd_Akin": "neu",
        "author_feeling_main_event": "neu",
        "notes": "",
        "relative_stance": "left",
        "you_feeling_Mitt_Romney": "neu",
        "you_feeling_Todd_Akin": "neu"
    },
    "phrase-level-annotations": [
        {
            "aim": "dir",
            "bias": "inf",
            "end": 146,
            "id": "p2",
            "indirect-ally-opponent-sentiment": "",
            "indirect-target-name": "",
            "notes": "",
            "polarity": "neg",
            "quote": "no",
            "speaker": "",
            "start": 106,
            "target": "Todd_Akin",
            "txt": "comments that have been widely condemned"
        },
        {
            "aim": "dir",
            "bias": "inf",
            "end": 87,
            "id": "p6",
            "indirect-ally-opponent-sentiment": "",
            "indirect-target-name": "",
            "notes": "",
            "polarity": "neg",
            "quote": "no",
            "speaker": "",
            "start": 0,
            "target": "Mitt_Romney",
            "txt": "Calls and e-mails to a half-dozen advisers on the subject were not returned on Tuesday."
        },
        {
            "aim": "dir",
            "bias": "lex",
            "end": 123,
            "id": "p10",
            "indirect-ally-opponent-sentiment": "",
            "indirect-target-name": "",
            "notes": "",
            "polarity": "neg",
            "quote": "no",
            "speaker": "",
            "start": 111,
            "target": "Mitt_Romney",
            "txt": "late-in-life"
        },
        {
            "aim": "dir",
            "bias": "inf",
            "end": 122,
            "id": "p24",
            "indirect-ally-opponent-sentiment": "",
            "indirect-target-name": "",
            "notes": "",
            "polarity": "neg",
            "quote": "yes",
            "speaker": "other_anti",
            "start": 77,
            "target": "Mitt_Romney",
            "txt": "the wrong choice for women and their families"
        },
        {
            "aim": "dir",
            "bias": "lex",
            "end": 66,
            "id": "p25",
            "indirect-ally-opponent-sentiment": "",
            "indirect-target-name": "",
            "notes": "",
            "polarity": "neg",
            "quote": "no",
            "speaker": "",
            "start": 57,
            "target": "Todd_Akin",
            "txt": "dangerous"
        },
        {
            "aim": "dir",
            "bias": "inf",
            "end": 117,
            "id": "p7",
            "indirect-ally-opponent-sentiment": "",
            "indirect-target-name": "",
            "notes": "",
            "polarity": "neg",
            "quote": "no",
            "speaker": "",
            "start": 67,
            "target": "Mitt_Romney",
            "txt": "tried to deflect questions on behalf of Mr. Romney"
        }
    ],
    "triplet-uuid": "08bb9bee-c167-4c17-9c6d-4a1259231eb7",
    "uuid": "1f4cce14-4cf2-42d6-9ac4-9123926ef54e"
}