{
    "article-level-annotations": {
        "author_feeling_Catholics": "neu",
        "author_feeling_Paul_Ryan": "neg",
        "author_feeling_main_event": "neu",
        "notes": "",
        "relative_stance": "liberal",
        "you_feeling_Catholics": "neu",
        "you_feeling_Paul_Ryan": "neu"
    },
    "phrase-level-annotations": [
        {
            "aim": "dir",
            "bias": "inf",
            "end": 98,
            "id": "p0",
            "indirect-ally-opponent-sentiment": "",
            "indirect-target-name": "",
            "notes": "",
            "polarity": "neg",
            "quote": "no",
            "speaker": "",
            "start": 11,
            "target": "Paul_Ryan",
            "txt": "Joining a chorus of Catholic bishops , theologians, priests, and social justice leaders"
        },
        {
            "aim": "dir",
            "bias": "lex",
            "end": 302,
            "id": "p0",
            "indirect-ally-opponent-sentiment": "",
            "indirect-target-name": "",
            "notes": "",
            "polarity": "neg",
            "quote": "no",
            "speaker": "",
            "start": 288,
            "target": "Paul_Ryan",
            "txt": "hurts the poor"
        },
        {
            "aim": "dir",
            "bias": "inf",
            "end": 18,
            "id": "p4",
            "indirect-ally-opponent-sentiment": "",
            "indirect-target-name": "",
            "notes": "",
            "polarity": "neg",
            "quote": "yes",
            "speaker": "Catholics",
            "start": 0,
            "target": "Paul_Ryan",
            "txt": "\u201cThis is nonsense."
        },
        {
            "aim": "dir",
            "bias": "lex",
            "end": 65,
            "id": "p9",
            "indirect-ally-opponent-sentiment": "",
            "indirect-target-name": "",
            "notes": "",
            "polarity": "neg",
            "quote": "no",
            "speaker": "",
            "start": 54,
            "target": "Paul_Ryan",
            "txt": "erroneously"
        },
        {
            "aim": "dir",
            "bias": "lex",
            "end": 99,
            "id": "p5",
            "indirect-ally-opponent-sentiment": "",
            "indirect-target-name": "",
            "notes": "",
            "polarity": "neg",
            "quote": "yes",
            "speaker": "other_anti",
            "start": 88,
            "target": "Paul_Ryan",
            "txt": "devastating"
        },
        {
            "aim": "dir",
            "bias": "inf",
            "end": 119,
            "id": "p11",
            "indirect-ally-opponent-sentiment": "",
            "indirect-target-name": "",
            "notes": "",
            "polarity": "neg",
            "quote": "yes",
            "speaker": "other_anti",
            "start": 0,
            "target": "Paul_Ryan",
            "txt": "\u201cSurvival of the fittest may be okay for Social Darwinists but not for followers of the gospel of compassion and love.\u201d"
        }
    ],
    "triplet-uuid": "29ffd053-7684-469b-a600-97000579bd01",
    "uuid": "8a97c97e-f3b4-416a-a1d2-a749a2bc7ecf"
}