{
    "article-level-annotations": {
        "author_feeling_Obama_campaign": "neu",
        "author_feeling_Paul_Ryan": "neu",
        "author_feeling_Romney_campaign": "neu",
        "author_feeling_main_event": "neu",
        "notes": "",
        "relative_stance": "center",
        "you_feeling_Obama_campaign": "neu",
        "you_feeling_Paul_Ryan": "neu",
        "you_feeling_Romney_campaign": "neu"
    },
    "phrase-level-annotations": [
        {
            "aim": "dir",
            "bias": "inf",
            "end": 280,
            "id": "p0",
            "indirect-ally-opponent-sentiment": "",
            "indirect-target-name": "",
            "notes": "",
            "polarity": "neg",
            "quote": "no",
            "speaker": "",
            "start": 150,
            "target": "Obama_campaign",
            "txt": "President Obama\u2019s health care plan treats the treasured entitlement like a \u201cpiggy bank,\u201d while the \u201cRomney-Ryan\u201d plan preserves it"
        },
        {
            "aim": "dir",
            "bias": "lex",
            "end": 35,
            "id": "p3",
            "indirect-ally-opponent-sentiment": "",
            "indirect-target-name": "",
            "notes": "",
            "polarity": "neg",
            "quote": "yes",
            "speaker": "Paul_Ryan",
            "start": 28,
            "target": "Obama_campaign",
            "txt": "raiding"
        },
        {
            "aim": "dir",
            "bias": "inf",
            "end": 76,
            "id": "p5",
            "indirect-ally-opponent-sentiment": "",
            "indirect-target-name": "",
            "notes": "",
            "polarity": "neg",
            "quote": "yes",
            "speaker": "Paul_Ryan",
            "start": 11,
            "target": "Obama_campaign",
            "txt": "President Obama is actually damaging Medicare for current seniors"
        },
        {
            "aim": "dir",
            "bias": "inf",
            "end": 27,
            "id": "p12",
            "indirect-ally-opponent-sentiment": "",
            "indirect-target-name": "",
            "notes": "",
            "polarity": "neg",
            "quote": "yes",
            "speaker": "Romney_campaign",
            "start": 0,
            "target": "Obama_campaign",
            "txt": "Why? To pay for ObamaCare.\u201d"
        },
        {
            "aim": "dir",
            "bias": "inf",
            "end": 62,
            "id": "p15",
            "indirect-ally-opponent-sentiment": "",
            "indirect-target-name": "",
            "notes": "",
            "polarity": "neg",
            "quote": "yes",
            "speaker": "Paul_Ryan",
            "start": 0,
            "target": "Obama_campaign",
            "txt": "\u201cThey turned Medicare into a piggy bank to finance ObamaCare,\u201d"
        },
        {
            "aim": "dir",
            "bias": "lex",
            "end": 117,
            "id": "p21",
            "indirect-ally-opponent-sentiment": "",
            "indirect-target-name": "",
            "notes": "",
            "polarity": "neg",
            "quote": "yes",
            "speaker": "Obama_campaign",
            "start": 88,
            "target": "Romney_campaign",
            "txt": "\u201cdishonest and hypocritical,\u201d"
        },
        {
            "aim": "dir",
            "bias": "inf",
            "end": 193,
            "id": "p24",
            "indirect-ally-opponent-sentiment": "",
            "indirect-target-name": "",
            "notes": "",
            "polarity": "neg",
            "quote": "yes",
            "speaker": "Obama_campaign",
            "start": 0,
            "target": "Romney_campaign",
            "txt": "The truth is that the Romney-Ryan budget would end Medicare as we know it: people with Medicare would be left with nothing but a voucher in place of the guaranteed benefits they rely on today.\u201d"
        },
        {
            "aim": "dir",
            "bias": "inf",
            "end": 127,
            "id": "p32",
            "indirect-ally-opponent-sentiment": "",
            "indirect-target-name": "",
            "notes": "",
            "polarity": "neg",
            "quote": "yes",
            "speaker": "Paul_Ryan",
            "start": 80,
            "target": "Obama_campaign",
            "txt": "\u201cutter failure when it comes to creating jobs.\u201d"
        },
        {
            "aim": "dir",
            "bias": "inf",
            "end": 39,
            "id": "p49",
            "indirect-ally-opponent-sentiment": "",
            "indirect-target-name": "",
            "notes": "",
            "polarity": "neg",
            "quote": "yes",
            "speaker": "Obama_campaign",
            "start": 0,
            "target": "Paul_Ryan",
            "txt": "The problem is, those views are wrong.\u201d"
        },
        {
            "aim": "dir",
            "bias": "inf",
            "end": 35,
            "id": "p46",
            "indirect-ally-opponent-sentiment": "",
            "indirect-target-name": "",
            "notes": "",
            "polarity": "pos",
            "quote": "yes",
            "speaker": "Obama_campaign",
            "start": 0,
            "target": "Paul_Ryan",
            "txt": "He's a good man. He's a family man."
        }
    ],
    "triplet-uuid": "2ec04201-2016-4227-baf7-ba8289058203",
    "uuid": "f2b98b6f-651d-4747-8242-adbf8317d2d7"
}