{
    "article-level-annotations": {
        "author_feeling_Obama_campaign": "neu",
        "author_feeling_Romney_campaign": "neu",
        "author_feeling_main_event": "neu",
        "notes": "",
        "relative_stance": "liberal",
        "you_feeling_Obama_campaign": "neu",
        "you_feeling_Romney_campaign": "neu"
    },
    "phrase-level-annotations": [
        {
            "aim": "dir",
            "bias": "inf",
            "end": 26,
            "id": "p5",
            "indirect-ally-opponent-sentiment": "",
            "indirect-target-name": "",
            "notes": "",
            "polarity": "neg",
            "quote": "yes",
            "speaker": "Romney_campaign",
            "start": 0,
            "target": "Obama_campaign",
            "txt": "Why? To pay for Obamacare."
        },
        {
            "aim": "dir",
            "bias": "inf",
            "end": 123,
            "id": "p6",
            "indirect-ally-opponent-sentiment": "",
            "indirect-target-name": "",
            "notes": "",
            "polarity": "neg",
            "quote": "yes",
            "speaker": "Romney_campaign",
            "start": 0,
            "target": "Obama_campaign",
            "txt": "So now the money you paid for your guaranteed health care is going to a massive new government program that\u2019s not for you.\u201d"
        },
        {
            "aim": "dir",
            "bias": "lex",
            "end": 88,
            "id": "p16",
            "indirect-ally-opponent-sentiment": "",
            "indirect-target-name": "",
            "notes": "",
            "polarity": "neg",
            "quote": "no",
            "speaker": "",
            "start": 82,
            "target": "Obama_campaign",
            "txt": "raided"
        },
        {
            "aim": "dir",
            "bias": "lex",
            "end": 95,
            "id": "p29",
            "indirect-ally-opponent-sentiment": "",
            "indirect-target-name": "",
            "notes": "",
            "polarity": "neg",
            "quote": "no",
            "speaker": "",
            "start": 83,
            "target": "Obama_campaign",
            "txt": "squeezed out"
        },
        {
            "aim": "dir",
            "bias": "inf",
            "end": 226,
            "id": "p1",
            "indirect-ally-opponent-sentiment": "",
            "indirect-target-name": "",
            "notes": "",
            "polarity": "neg",
            "quote": "yes",
            "speaker": "Obama_campaign",
            "start": 192,
            "target": "Romney_campaign",
            "txt": "\u201cwould end Medicare as we know it\u201d"
        },
        {
            "aim": "dir",
            "bias": "inf",
            "end": 64,
            "id": "p4",
            "indirect-ally-opponent-sentiment": "",
            "indirect-target-name": "",
            "notes": "",
            "polarity": "neg",
            "quote": "yes",
            "speaker": "Romney_campaign",
            "start": 0,
            "target": "Obama_campaign",
            "txt": "\u201cNow when you need it, Obama has cut $716 billion from Medicare."
        },
        {
            "aim": "dir",
            "bias": "lex",
            "end": 111,
            "id": "p7",
            "indirect-ally-opponent-sentiment": "",
            "indirect-target-name": "",
            "notes": "",
            "polarity": "neg",
            "quote": "yes",
            "speaker": "Obama_campaign",
            "start": 85,
            "target": "Romney_campaign",
            "txt": "dishonest and hypocritical"
        }
    ],
    "triplet-uuid": "2ec04201-2016-4227-baf7-ba8289058203",
    "uuid": "35201557-afda-420e-a12e-e9310bcaf28a"
}