{
    "article-level-annotations": {
        "author_feeling_Chick-Fil-A": "neu",
        "author_feeling_GOP_leaders": "neu",
        "author_feeling_main_event": "neu",
        "author_feeling_protesters": "neu",
        "notes": "",
        "relative_stance": "right",
        "you_feeling_Chick-Fil-A": "neu",
        "you_feeling_GOP_leaders": "neu",
        "you_feeling_protesters": "neu"
    },
    "phrase-level-annotations": [
        {
            "aim": "ind_pro",
            "bias": "lex",
            "end": 91,
            "id": "p3",
            "indirect-ally-opponent-sentiment": "neg",
            "indirect-target-name": "Chick-fil-A supporter",
            "notes": "",
            "polarity": "neg",
            "quote": "no",
            "speaker": "",
            "start": 79,
            "target": "Chick-Fil-A",
            "txt": "wolfing down"
        },
        {
            "aim": "dir",
            "bias": "inf",
            "end": 140,
            "id": "p8",
            "indirect-ally-opponent-sentiment": "",
            "indirect-target-name": "",
            "notes": "",
            "polarity": "neg",
            "quote": "no",
            "speaker": "",
            "start": 116,
            "target": "Chick-Fil-A",
            "txt": "peddling \u201chate chicken.\u201d"
        },
        {
            "aim": "dir",
            "bias": "inf",
            "end": 17,
            "id": "p11",
            "indirect-ally-opponent-sentiment": "",
            "indirect-target-name": "",
            "notes": "",
            "polarity": "neg",
            "quote": "yes",
            "speaker": "other_anti",
            "start": 0,
            "target": "protesters",
            "txt": "It is a disgrace."
        },
        {
            "aim": "dir",
            "bias": "inf",
            "end": 113,
            "id": "p21",
            "indirect-ally-opponent-sentiment": "",
            "indirect-target-name": "",
            "notes": "",
            "polarity": "neg",
            "quote": "yes",
            "speaker": "other_anti",
            "start": 45,
            "target": "protesters",
            "txt": "people aren\u2019t really respecting each other and difference of opinion"
        },
        {
            "aim": "dir",
            "bias": "lex",
            "end": 65,
            "id": "p27",
            "indirect-ally-opponent-sentiment": "",
            "indirect-target-name": "",
            "notes": "",
            "polarity": "neg",
            "quote": "yes",
            "speaker": "other_anti",
            "start": 53,
            "target": "protesters",
            "txt": "blind hatred"
        },
        {
            "aim": "dir",
            "bias": "lex",
            "end": 70,
            "id": "p7",
            "indirect-ally-opponent-sentiment": "",
            "indirect-target-name": "",
            "notes": "",
            "polarity": "neg",
            "quote": "no",
            "speaker": "",
            "start": 61,
            "target": "Chick-Fil-A",
            "txt": "ferocious"
        },
        {
            "aim": "dir",
            "bias": "inf",
            "end": 51,
            "id": "p28",
            "indirect-ally-opponent-sentiment": "",
            "indirect-target-name": "",
            "notes": "",
            "polarity": "pos",
            "quote": "yes",
            "speaker": "other_pro",
            "start": 0,
            "target": "Chick-Fil-A",
            "txt": "\u201cBeing against gay marriage is not being anti-gay.\u201d"
        }
    ],
    "triplet-uuid": "450755dd-30d3-478b-933e-917be5c384ba",
    "uuid": "7117c2b3-85e1-4239-84c5-661475699dc3"
}