{
    "article-level-annotations": {
        "author_feeling_Barack_Obama": "neu",
        "author_feeling_Rick_Santorum": "neu",
        "author_feeling_main_event": "neu",
        "notes": "",
        "relative_stance": "liberal",
        "you_feeling_Barack_Obama": "neu",
        "you_feeling_Rick_Santorum": "neu"
    },
    "phrase-level-annotations": [
        {
            "aim": "dir",
            "bias": "lex",
            "end": 28,
            "id": "p12",
            "indirect-ally-opponent-sentiment": "",
            "indirect-target-name": "",
            "notes": "",
            "polarity": "neg",
            "quote": "yes",
            "speaker": "other_anti",
            "start": 0,
            "target": "Rick_Santorum",
            "txt": "It's wrong. It's destructive"
        },
        {
            "aim": "dir",
            "bias": "lex",
            "end": 84,
            "id": "p16",
            "indirect-ally-opponent-sentiment": "",
            "indirect-target-name": "",
            "notes": "",
            "polarity": "neg",
            "quote": "yes",
            "speaker": "Rick_Santorum",
            "start": 79,
            "target": "Barack_Obama",
            "txt": "phony"
        },
        {
            "aim": "dir",
            "bias": "lex",
            "end": 10,
            "id": "p17",
            "indirect-ally-opponent-sentiment": "",
            "indirect-target-name": "",
            "notes": "",
            "polarity": "neg",
            "quote": "yes",
            "speaker": "Rick_Santorum",
            "start": 5,
            "target": "Barack_Obama",
            "txt": "phony"
        },
        {
            "aim": "dir",
            "bias": "inf",
            "end": 150,
            "id": "p18",
            "indirect-ally-opponent-sentiment": "",
            "indirect-target-name": "",
            "notes": "",
            "polarity": "neg",
            "quote": "yes",
            "speaker": "other_anti",
            "start": 16,
            "target": "Rick_Santorum",
            "txt": "\"the latest low in a Republican primary campaign that has been fueled by distortions, ugliness, and searing pessimism and negativity.\""
        },
        {
            "aim": "ind_pro",
            "bias": "inf",
            "end": 191,
            "id": "p27",
            "indirect-ally-opponent-sentiment": "neg",
            "indirect-target-name": "GOP",
            "notes": "",
            "polarity": "neg",
            "quote": "yes",
            "speaker": "other_anti",
            "start": 162,
            "target": "Rick_Santorum",
            "txt": "has been a race to the bottom"
        },
        {
            "aim": "dir",
            "bias": "inf",
            "end": 108,
            "id": "p28",
            "indirect-ally-opponent-sentiment": "",
            "indirect-target-name": "",
            "notes": "",
            "polarity": "neg",
            "quote": "yes",
            "speaker": "other_anti",
            "start": 0,
            "target": "Rick_Santorum",
            "txt": "We have seen nastiness, divisiveness, ugliness, distortions of opponents' records, of the president's record"
        },
        {
            "aim": "dir",
            "bias": "inf",
            "end": 139,
            "id": "p19",
            "indirect-ally-opponent-sentiment": "",
            "indirect-target-name": "",
            "notes": "",
            "polarity": "pos",
            "quote": "yes",
            "speaker": "other_pro",
            "start": 7,
            "target": "Barack_Obama",
            "txt": "\"a stark contrast with the president who is focused everyday on creating jobs and restoring economic security for the middle class,\""
        }
    ],
    "triplet-uuid": "65cb14cb-2d27-41e5-a2be-6fd6314f4363",
    "uuid": "14cbb6c2-87bc-4378-86fd-d359e978fdda"
}