{
    "article-level-annotations": {
        "author_feeling_Barack_Obama": "neu",
        "author_feeling_Rick_Santorum": "neu",
        "author_feeling_main_event": "neu",
        "notes": "",
        "relative_stance": "right",
        "you_feeling_Barack_Obama": "neu",
        "you_feeling_Rick_Santorum": "neu"
    },
    "phrase-level-annotations": [
        {
            "aim": "dir",
            "bias": "lex",
            "end": 147,
            "id": "p7",
            "indirect-ally-opponent-sentiment": "",
            "indirect-target-name": "",
            "notes": "",
            "polarity": "neg",
            "quote": "yes",
            "speaker": "other_anti",
            "start": 112,
            "target": "Rick_Santorum",
            "txt": "\u201cnastiness, divisiveness, ugliness\u201d"
        },
        {
            "aim": "dir",
            "bias": "inf",
            "end": 221,
            "id": "p20",
            "indirect-ally-opponent-sentiment": "",
            "indirect-target-name": "",
            "notes": "",
            "polarity": "neg",
            "quote": "yes",
            "speaker": "Rick_Santorum",
            "start": 173,
            "target": "Barack_Obama",
            "txt": "we cull the ranks of the disabled in our society"
        },
        {
            "aim": "dir",
            "bias": "inf",
            "end": 221,
            "id": "p22",
            "indirect-ally-opponent-sentiment": "",
            "indirect-target-name": "",
            "notes": "",
            "polarity": "neg",
            "quote": "yes",
            "speaker": "Rick_Santorum",
            "start": 122,
            "target": "Barack_Obama",
            "txt": "I think the president has a very bad record on the issue of abortion and children who are disabled."
        },
        {
            "aim": "dir",
            "bias": "lex",
            "end": 105,
            "id": "p0",
            "indirect-ally-opponent-sentiment": "",
            "indirect-target-name": "",
            "notes": "",
            "polarity": "neg",
            "quote": "yes",
            "speaker": "Rick_Santorum",
            "start": 100,
            "target": "Barack_Obama",
            "txt": "phony"
        },
        {
            "aim": "dir",
            "bias": "lex",
            "end": 103,
            "id": "p1",
            "indirect-ally-opponent-sentiment": "",
            "indirect-target-name": "",
            "notes": "",
            "polarity": "neg",
            "quote": "yes",
            "speaker": "Rick_Santorum",
            "start": 98,
            "target": "Barack_Obama",
            "txt": "phony"
        },
        {
            "aim": "dir",
            "bias": "lex",
            "end": 22,
            "id": "p2",
            "indirect-ally-opponent-sentiment": "",
            "indirect-target-name": "",
            "notes": "",
            "polarity": "neg",
            "quote": "yes",
            "speaker": "Rick_Santorum",
            "start": 17,
            "target": "Barack_Obama",
            "txt": "phony"
        },
        {
            "aim": "dir",
            "bias": "lex",
            "end": 40,
            "id": "p2",
            "indirect-ally-opponent-sentiment": "",
            "indirect-target-name": "",
            "notes": "",
            "polarity": "neg",
            "quote": "yes",
            "speaker": "Rick_Santorum",
            "start": 35,
            "target": "Rick_Santorum",
            "txt": "phony"
        },
        {
            "aim": "dir",
            "bias": "lex",
            "end": 65,
            "id": "p6",
            "indirect-ally-opponent-sentiment": "",
            "indirect-target-name": "",
            "notes": "",
            "polarity": "neg",
            "quote": "yes",
            "speaker": "other_anti",
            "start": 47,
            "target": "Rick_Santorum",
            "txt": "well over the line"
        },
        {
            "aim": "dir",
            "bias": "lex",
            "end": 28,
            "id": "p7",
            "indirect-ally-opponent-sentiment": "",
            "indirect-target-name": "",
            "notes": "",
            "polarity": "neg",
            "quote": "yes",
            "speaker": "other_anti",
            "start": 0,
            "target": "Rick_Santorum",
            "txt": "It\u2019s wrong. It\u2019s destructive"
        },
        {
            "aim": "dir",
            "bias": "inf",
            "end": 38,
            "id": "p24",
            "indirect-ally-opponent-sentiment": "",
            "indirect-target-name": "",
            "notes": "",
            "polarity": "neg",
            "quote": "yes",
            "speaker": "other_anti",
            "start": 1,
            "target": "Rick_Santorum",
            "txt": "Well, I don\u2019t see how that\u2019s possible"
        }
    ],
    "triplet-uuid": "65cb14cb-2d27-41e5-a2be-6fd6314f4363",
    "uuid": "0a21258c-2afe-48ad-ab32-1b7c1a9ec3c6"
}