{
    "article-level-annotations": {
        "author_feeling_Barack_Obama": "neu",
        "author_feeling_Mitt_Romney": "neg",
        "author_feeling_main_event": "neu",
        "notes": "",
        "relative_stance": "left",
        "you_feeling_Barack_Obama": "neu",
        "you_feeling_Mitt_Romney": "neu"
    },
    "phrase-level-annotations": [
        {
            "aim": "dir",
            "bias": "inf",
            "end": 141,
            "id": "p4",
            "indirect-ally-opponent-sentiment": "",
            "indirect-target-name": "",
            "notes": "",
            "polarity": "neg",
            "quote": "no",
            "speaker": "",
            "start": 0,
            "target": "Mitt_Romney",
            "txt": "In doing so, he left open many questions about what his vision of legally recognizable gay unions would encompass, and what it would exclude."
        },
        {
            "aim": "dir",
            "bias": "lex",
            "end": 237,
            "id": "p9",
            "indirect-ally-opponent-sentiment": "",
            "indirect-target-name": "",
            "notes": "",
            "polarity": "neg",
            "quote": "no",
            "speaker": "",
            "start": 226,
            "target": "Mitt_Romney",
            "txt": "cross hairs"
        },
        {
            "aim": "dir",
            "bias": "inf",
            "end": 186,
            "id": "p11",
            "indirect-ally-opponent-sentiment": "",
            "indirect-target-name": "",
            "notes": "",
            "polarity": "neg",
            "quote": "no",
            "speaker": "",
            "start": 144,
            "target": "Mitt_Romney",
            "txt": "he has not delineated them in great detail"
        },
        {
            "aim": "dir",
            "bias": "lex",
            "end": 117,
            "id": "p18",
            "indirect-ally-opponent-sentiment": "",
            "indirect-target-name": "",
            "notes": "",
            "polarity": "neg",
            "quote": "no",
            "speaker": "",
            "start": 107,
            "target": "Mitt_Romney",
            "txt": "complained"
        },
        {
            "aim": "dir",
            "bias": "inf",
            "end": 53,
            "id": "p19",
            "indirect-ally-opponent-sentiment": "",
            "indirect-target-name": "",
            "notes": "",
            "polarity": "neg",
            "quote": "no",
            "speaker": "",
            "start": 5,
            "target": "Mitt_Romney",
            "txt": "speaking with a sense of alarm about gay couples"
        },
        {
            "aim": "dir",
            "bias": "lex",
            "end": 52,
            "id": "p15",
            "indirect-ally-opponent-sentiment": "",
            "indirect-target-name": "",
            "notes": "",
            "polarity": "neg",
            "quote": "yes",
            "speaker": "other_anti",
            "start": 36,
            "target": "Barack_Obama",
            "txt": "\u201ca huge mistake\u201d"
        }
    ],
    "triplet-uuid": "8dc7ccfe-5cf0-482f-9101-a7c69881da4d",
    "uuid": "063a36ea-f163-4a18-a29b-1a8d66c4f0e8"
}