{
    "article-level-annotations": {
        "author_feeling_Barack_Obama": "neu",
        "author_feeling_Benjamin_Netanyahu": "neu",
        "author_feeling_Romney_campaign": "neu",
        "author_feeling_Secure_America_Now": "neu",
        "author_feeling_main_event": "neu",
        "notes": "",
        "relative_stance": "liberal",
        "you_feeling_Barack_Obama": "neu",
        "you_feeling_Benjamin_Netanyahu": "neu",
        "you_feeling_Romney_campaign": "neu",
        "you_feeling_Secure_America_Now": "neu"
    },
    "phrase-level-annotations": [
        {
            "aim": "dir",
            "bias": "inf",
            "end": 92,
            "id": "p0",
            "indirect-ally-opponent-sentiment": "",
            "indirect-target-name": "",
            "notes": "",
            "polarity": "neg",
            "quote": "no",
            "speaker": "",
            "start": 0,
            "target": "Secure_America_Now",
            "txt": "Even though Bibi Netanyahu recently decried the use of his name in election-year politicking"
        },
        {
            "aim": "dir",
            "bias": "lex",
            "end": 172,
            "id": "p6",
            "indirect-ally-opponent-sentiment": "",
            "indirect-target-name": "",
            "notes": "",
            "polarity": "neg",
            "quote": "no",
            "speaker": "",
            "start": 166,
            "target": "Barack_Obama",
            "txt": "frosty"
        },
        {
            "aim": "dir",
            "bias": "lex",
            "end": 221,
            "id": "p7",
            "indirect-ally-opponent-sentiment": "",
            "indirect-target-name": "",
            "notes": "",
            "polarity": "neg",
            "quote": "yes",
            "speaker": "Romney_campaign",
            "start": 193,
            "target": "Barack_Obama",
            "txt": "\u201cthrown Israel under a bus.\u201d"
        },
        {
            "aim": "dir",
            "bias": "inf",
            "end": 134,
            "id": "p12",
            "indirect-ally-opponent-sentiment": "",
            "indirect-target-name": "",
            "notes": "",
            "polarity": "pos",
            "quote": "yes",
            "speaker": "Bibi_Netanyahu",
            "start": 0,
            "target": "Barack_Obama",
            "txt": "\u201cPresident Obama has said that he\u2019s determined to prevent Iran from getting nuclear weapons and I appreciate that and I respect that,\u201d"
        },
        {
            "aim": "dir",
            "bias": "lex",
            "end": 133,
            "id": "p15",
            "indirect-ally-opponent-sentiment": "",
            "indirect-target-name": "",
            "notes": "",
            "polarity": "neg",
            "quote": "no",
            "speaker": "",
            "start": 124,
            "target": "Secure_America_Now",
            "txt": "so-called"
        },
        {
            "aim": "dir",
            "bias": "lex",
            "end": 207,
            "id": "p8",
            "indirect-ally-opponent-sentiment": "",
            "indirect-target-name": "",
            "notes": "",
            "polarity": "neg",
            "quote": "no",
            "speaker": "",
            "start": 197,
            "target": "Barack_Obama",
            "txt": "dismissive"
        },
        {
            "aim": "dir",
            "bias": "inf",
            "end": 168,
            "id": "p14",
            "indirect-ally-opponent-sentiment": "",
            "indirect-target-name": "",
            "notes": "",
            "polarity": "neg",
            "quote": "no",
            "speaker": "",
            "start": 0,
            "target": "Secure_America_Now",
            "txt": "This isn\u2019t the first ad Secure America Now has run against Obama, even though on its website the organization describes itself as representing all political ideologies."
        }
    ],
    "triplet-uuid": "b4dbeda7-a1f3-4711-ae77-db23809d1ed2",
    "uuid": "6ce75053-9a66-4cf3-a74f-56ae99d204b8"
}