{
    "article-level-annotations": {
        "author_feeling_Barack_Obama": "neg",
        "author_feeling_Benjamin_Netanyahu": "pos",
        "author_feeling_Secure_America_Now": "neu",
        "author_feeling_main_event": "neu",
        "notes": "",
        "relative_stance": "right",
        "you_feeling_Barack_Obama": "neu",
        "you_feeling_Benjamin_Netanyahu": "neu",
        "you_feeling_Secure_America_Now": "neu"
    },
    "phrase-level-annotations": [
        {
            "aim": "dir",
            "bias": "lex",
            "end": 36,
            "id": "p1",
            "indirect-ally-opponent-sentiment": "",
            "indirect-target-name": "",
            "notes": "",
            "polarity": "neg",
            "quote": "no",
            "speaker": "",
            "start": 21,
            "target": "Barack_Obama",
            "txt": "famously frosty"
        },
        {
            "aim": "dir",
            "bias": "inf",
            "end": 122,
            "id": "p2",
            "indirect-ally-opponent-sentiment": "",
            "indirect-target-name": "",
            "notes": "",
            "polarity": "neg",
            "quote": "no",
            "speaker": "",
            "start": 63,
            "target": "Barack_Obama",
            "txt": "expressed frustration at the Obama administration\u2019s failure"
        },
        {
            "aim": "dir",
            "bias": "inf",
            "end": 198,
            "id": "p17",
            "indirect-ally-opponent-sentiment": "",
            "indirect-target-name": "",
            "notes": "",
            "polarity": "neg",
            "quote": "yes",
            "speaker": "other_anti",
            "start": 80,
            "target": "Barack_Obama",
            "txt": "who voted for Obama four years ago but are now disillusioned with his economic policies and his policies toward Israel"
        },
        {
            "aim": "dir",
            "bias": "inf",
            "end": 134,
            "id": "p18",
            "indirect-ally-opponent-sentiment": "",
            "indirect-target-name": "",
            "notes": "",
            "polarity": "neg",
            "quote": "yes",
            "speaker": "other_anti",
            "start": 65,
            "target": "Barack_Obama",
            "txt": "the nagging doubts that many Jewish voters feel about President Obama"
        },
        {
            "aim": "dir",
            "bias": "inf",
            "end": 100,
            "id": "p19",
            "indirect-ally-opponent-sentiment": "",
            "indirect-target-name": "",
            "notes": "",
            "polarity": "neg",
            "quote": "yes",
            "speaker": "other_anti",
            "start": 0,
            "target": "Barack_Obama",
            "txt": "To underscore that point, numerous polls have shown an erosion in Jewish support for the president.\""
        },
        {
            "aim": "dir",
            "bias": "inf",
            "end": 102,
            "id": "p12",
            "indirect-ally-opponent-sentiment": "",
            "indirect-target-name": "",
            "notes": "",
            "polarity": "pos",
            "quote": "yes",
            "speaker": "Secure_America_Now",
            "start": 0,
            "target": "Benjamin_Netanyahu",
            "txt": "In short, (Netanyahu's) a powerful messenger with a powerful message who the American people believe.\u201d"
        },
        {
            "aim": "dir",
            "bias": "inf",
            "end": 121,
            "id": "p22",
            "indirect-ally-opponent-sentiment": "",
            "indirect-target-name": "",
            "notes": "",
            "polarity": "neg",
            "quote": "yes",
            "speaker": "Benjamin_Netanyahu",
            "start": 0,
            "target": "Barack_Obama",
            "txt": "\"If you're determined to prevent Iran from getting nuclear weapons, it means you'll act before they get nuclear weapons.\""
        }
    ],
    "triplet-uuid": "b4dbeda7-a1f3-4711-ae77-db23809d1ed2",
    "uuid": "1b0567c9-9de6-4ce0-a1b9-8abf0d853d26"
}