{
    "article-level-annotations": {
        "author_feeling_Joe_Biden": "neg",
        "author_feeling_Paul_Ryan": "pos",
        "author_feeling_main_event": "neu",
        "notes": "",
        "relative_stance": "center",
        "you_feeling_Joe_Biden": "neu",
        "you_feeling_Paul_Ryan": "neu"
    },
    "phrase-level-annotations": [
        {
            "aim": "dir",
            "bias": "lex",
            "end": 137,
            "id": "p4",
            "indirect-ally-opponent-sentiment": "",
            "indirect-target-name": "",
            "notes": "",
            "polarity": "neg",
            "quote": "no",
            "speaker": "",
            "start": 103,
            "target": "Joe_Biden",
            "txt": "sometimes over-the-top performance"
        },
        {
            "aim": "dir",
            "bias": "lex",
            "end": 249,
            "id": "p1",
            "indirect-ally-opponent-sentiment": "",
            "indirect-target-name": "",
            "notes": "",
            "polarity": "neg",
            "quote": "no",
            "speaker": "",
            "start": 199,
            "target": "Joe_Biden",
            "txt": "flurry of eye rolls, interjections and accusations"
        },
        {
            "aim": "dir",
            "bias": "inf",
            "end": 90,
            "id": "p6",
            "indirect-ally-opponent-sentiment": "",
            "indirect-target-name": "",
            "notes": "",
            "polarity": "pos",
            "quote": "yes",
            "speaker": "other_pro",
            "start": 50,
            "target": "Joe_Biden",
            "txt": "I thought Joe Biden was terrific tonight"
        },
        {
            "aim": "dir",
            "bias": "inf",
            "end": 181,
            "id": "p7",
            "indirect-ally-opponent-sentiment": "",
            "indirect-target-name": "",
            "notes": "",
            "polarity": "neg",
            "quote": "no",
            "speaker": "",
            "start": 0,
            "target": "Joe_Biden",
            "txt": "Biden looked as if he could barely stay in his seat for much of the night, interrupting Ryan repeatedly and sometimes making it difficult for the GOP nominee to get out his answers."
        },
        {
            "aim": "dir",
            "bias": "inf",
            "end": 66,
            "id": "p13",
            "indirect-ally-opponent-sentiment": "",
            "indirect-target-name": "",
            "notes": "",
            "polarity": "pos",
            "quote": "yes",
            "speaker": "other_pro",
            "start": 43,
            "target": "Joe_Biden",
            "txt": "\"a solid win for Biden\""
        },
        {
            "aim": "dir",
            "bias": "lex",
            "end": 117,
            "id": "p16",
            "indirect-ally-opponent-sentiment": "",
            "indirect-target-name": "",
            "notes": "",
            "polarity": "neg",
            "quote": "no",
            "speaker": "",
            "start": 109,
            "target": "Joe_Biden",
            "txt": "devolved"
        },
        {
            "aim": "dir",
            "bias": "inf",
            "end": 224,
            "id": "p22",
            "indirect-ally-opponent-sentiment": "",
            "indirect-target-name": "",
            "notes": "",
            "polarity": "pos",
            "quote": "no",
            "speaker": "",
            "start": 113,
            "target": "Paul_Ryan",
            "txt": "the 42-year-old kept his composure for much of the night and got in some well-aimed shots at the vice president"
        },
        {
            "aim": "dir",
            "bias": "inf",
            "end": 207,
            "id": "p27",
            "indirect-ally-opponent-sentiment": "",
            "indirect-target-name": "",
            "notes": "",
            "polarity": "neg",
            "quote": "yes",
            "speaker": "Joe_Biden",
            "start": 181,
            "target": "Paul_Ryan",
            "txt": "That's a bunch of malarkey"
        },
        {
            "aim": "dir",
            "bias": "inf",
            "end": 41,
            "id": "p28",
            "indirect-ally-opponent-sentiment": "",
            "indirect-target-name": "",
            "notes": "",
            "polarity": "neg",
            "quote": "yes",
            "speaker": "Joe_Biden",
            "start": 0,
            "target": "Paul_Ryan",
            "txt": "\"Not a single thing he said is accurate,\""
        },
        {
            "aim": "dir",
            "bias": "inf",
            "end": 94,
            "id": "p30",
            "indirect-ally-opponent-sentiment": "",
            "indirect-target-name": "",
            "notes": "",
            "polarity": "neg",
            "quote": "no",
            "speaker": "",
            "start": 36,
            "target": "Joe_Biden",
            "txt": "who is treated by the press as a lovable, half-crazy uncle"
        },
        {
            "aim": "dir",
            "bias": "inf",
            "end": 135,
            "id": "p30",
            "indirect-ally-opponent-sentiment": "",
            "indirect-target-name": "",
            "notes": "",
            "polarity": "neg",
            "quote": "no",
            "speaker": "",
            "start": 96,
            "target": "Joe_Biden",
            "txt": "he would have been labeled insufferable"
        },
        {
            "aim": "dir",
            "bias": "lex",
            "end": 75,
            "id": "p33",
            "indirect-ally-opponent-sentiment": "",
            "indirect-target-name": "",
            "notes": "",
            "polarity": "neg",
            "quote": "yes",
            "speaker": "other_anti",
            "start": 64,
            "target": "Joe_Biden",
            "txt": "\u201cunhinged.\u201d"
        },
        {
            "aim": "dir",
            "bias": "inf",
            "end": 69,
            "id": "p34",
            "indirect-ally-opponent-sentiment": "",
            "indirect-target-name": "",
            "notes": "",
            "polarity": "pos",
            "quote": "yes",
            "speaker": "other_pro",
            "start": 41,
            "target": "Paul_Ryan",
            "txt": "Ryan: serious, sober, steady"
        },
        {
            "aim": "dir",
            "bias": "inf",
            "end": 36,
            "id": "p35",
            "indirect-ally-opponent-sentiment": "",
            "indirect-target-name": "",
            "notes": "",
            "polarity": "neg",
            "quote": "yes",
            "speaker": "other_anti",
            "start": 0,
            "target": "Joe_Biden",
            "txt": "Biden: smirking, mocking, immature.\u201d"
        },
        {
            "aim": "dir",
            "bias": "inf",
            "end": 179,
            "id": "p40",
            "indirect-ally-opponent-sentiment": "",
            "indirect-target-name": "",
            "notes": "",
            "polarity": "neg",
            "quote": "yes",
            "speaker": "other_anti",
            "start": 99,
            "target": "Joe_Biden",
            "txt": "he couldn't defend the facts as they were, [so] raise your voice a little louder"
        },
        {
            "aim": "dir",
            "bias": "inf",
            "end": 62,
            "id": "p52",
            "indirect-ally-opponent-sentiment": "",
            "indirect-target-name": "",
            "notes": "",
            "polarity": "pos",
            "quote": "no",
            "speaker": "",
            "start": 0,
            "target": "Paul_Ryan",
            "txt": "Ryan was, as usual, knowledgeable and in command of the facts."
        },
        {
            "aim": "dir",
            "bias": "inf",
            "end": 67,
            "id": "p53",
            "indirect-ally-opponent-sentiment": "",
            "indirect-target-name": "",
            "notes": "",
            "polarity": "neg",
            "quote": "no",
            "speaker": "",
            "start": 0,
            "target": "Joe_Biden",
            "txt": "But Biden, as expected, attempted to plow him over with broadsides."
        },
        {
            "aim": "dir",
            "bias": "inf",
            "end": 103,
            "id": "p0",
            "indirect-ally-opponent-sentiment": "",
            "indirect-target-name": "",
            "notes": "",
            "polarity": "pos",
            "quote": "no",
            "speaker": "",
            "start": 84,
            "target": "Joe_Biden",
            "txt": "and a good bit more"
        },
        {
            "aim": "dir",
            "bias": "lex",
            "end": 28,
            "id": "p1",
            "indirect-ally-opponent-sentiment": "",
            "indirect-target-name": "",
            "notes": "",
            "polarity": "pos",
            "quote": "no",
            "speaker": "",
            "start": 19,
            "target": "Joe_Biden",
            "txt": "dominated"
        },
        {
            "aim": "dir",
            "bias": "inf",
            "end": 173,
            "id": "p9",
            "indirect-ally-opponent-sentiment": "",
            "indirect-target-name": "",
            "notes": "",
            "polarity": "pos",
            "quote": "no",
            "speaker": "",
            "start": 0,
            "target": "Joe_Biden",
            "txt": "It was a performance by the vice president guaranteed to amp up -\u2013 and buck up -\u2013 worried Democrats, who had fallen into a paralysis of anxiety after the president's debate."
        },
        {
            "aim": "dir",
            "bias": "lex",
            "end": 69,
            "id": "p17",
            "indirect-ally-opponent-sentiment": "",
            "indirect-target-name": "",
            "notes": "",
            "polarity": "neg",
            "quote": "yes",
            "speaker": "other_anti",
            "start": 56,
            "target": "Joe_Biden",
            "txt": "condescending"
        },
        {
            "aim": "dir",
            "bias": "inf",
            "end": 78,
            "id": "p19",
            "indirect-ally-opponent-sentiment": "",
            "indirect-target-name": "",
            "notes": "",
            "polarity": "neg",
            "quote": "yes",
            "speaker": "other_anti",
            "start": 0,
            "target": "Joe_Biden",
            "txt": "When my 11-year-old tries to do that at the dinner table, it\u2019s not tolerated.\u201d"
        }
    ],
    "triplet-uuid": "b5eefefb-2a33-45de-abe1-f855c94165f4",
    "uuid": "70e6078e-6c9a-41e8-a832-e04e0931b31b"
}