{
    "article-level-annotations": {
        "author_feeling_Michael_Morell": "neu",
        "author_feeling_Obama's_administration": "neu",
        "author_feeling_Republican_lawmakers": "neu",
        "author_feeling_State_Department": "neu",
        "author_feeling_main_event": "neu",
        "notes": "",
        "relative_stance": "center",
        "you_feeling_Michael_Morell": "neu",
        "you_feeling_Obama's_administration": "neu",
        "you_feeling_Republican_lawmakers": "neu",
        "you_feeling_State_Department": "neu"
    },
    "phrase-level-annotations": [
        {
            "aim": "dir",
            "bias": "inf",
            "end": 251,
            "id": "p2",
            "indirect-ally-opponent-sentiment": "",
            "indirect-target-name": "",
            "notes": "",
            "polarity": "neg",
            "quote": "no",
            "speaker": "",
            "start": 209,
            "target": "State_Department",
            "txt": "they feared it would reflect badly on them"
        },
        {
            "aim": "dir",
            "bias": "inf",
            "end": 239,
            "id": "p4",
            "indirect-ally-opponent-sentiment": "",
            "indirect-target-name": "",
            "notes": "",
            "polarity": "neg",
            "quote": "no",
            "speaker": "",
            "start": 153,
            "target": "Michael_Morell",
            "txt": "the heavily scrubbed account would not satisfy the House Democrat who had requested it"
        },
        {
            "aim": "dir",
            "bias": "inf",
            "end": 75,
            "id": "p5",
            "indirect-ally-opponent-sentiment": "",
            "indirect-target-name": "",
            "notes": "",
            "polarity": "neg",
            "quote": "yes",
            "speaker": "other_neutral",
            "start": 0,
            "target": "Michael_Morell",
            "txt": "\u201cThis is certainly not what Vice Chairman Ruppersberger was hoping to get,\u201d"
        },
        {
            "aim": "dir",
            "bias": "lex",
            "end": 187,
            "id": "p7",
            "indirect-ally-opponent-sentiment": "",
            "indirect-target-name": "",
            "notes": "",
            "polarity": "neg",
            "quote": "no",
            "speaker": "",
            "start": 164,
            "target": "Obama's_administration",
            "txt": "bureaucratic tug of war"
        },
        {
            "aim": "dir",
            "bias": "lex",
            "end": 74,
            "id": "p6",
            "indirect-ally-opponent-sentiment": "",
            "indirect-target-name": "",
            "notes": "",
            "polarity": "neg",
            "quote": "no",
            "speaker": "",
            "start": 68,
            "target": "Republican_lawmakers",
            "txt": "seized"
        },
        {
            "aim": "dir",
            "bias": "lex",
            "end": 109,
            "id": "p12",
            "indirect-ally-opponent-sentiment": "",
            "indirect-target-name": "",
            "notes": "",
            "polarity": "neg",
            "quote": "no",
            "speaker": "",
            "start": 99,
            "target": "Obama's_administration",
            "txt": "airbrushed"
        },
        {
            "aim": "dir",
            "bias": "inf",
            "end": 119,
            "id": "p13",
            "indirect-ally-opponent-sentiment": "",
            "indirect-target-name": "",
            "notes": "",
            "polarity": "neg",
            "quote": "no",
            "speaker": "",
            "start": 0,
            "target": "Obama's_administration",
            "txt": "They also said the e-mails belied the White House\u2019s insistence that it had changed only one word in the talking points."
        },
        {
            "aim": "dir",
            "bias": "inf",
            "end": 177,
            "id": "p14",
            "indirect-ally-opponent-sentiment": "",
            "indirect-target-name": "",
            "notes": "",
            "polarity": "neg",
            "quote": "yes",
            "speaker": "Republican_lawmakers",
            "start": 0,
            "target": "State_Department",
            "txt": "\u201cThe seemingly political nature of the State Department\u2019s concerns raises questions about the motivations behind these changes and who at the State Department was seeking them,\u201d"
        },
        {
            "aim": "dir",
            "bias": "inf",
            "end": 113,
            "id": "p17",
            "indirect-ally-opponent-sentiment": "",
            "indirect-target-name": "",
            "notes": "",
            "polarity": "pos",
            "quote": "no",
            "speaker": "",
            "start": 0,
            "target": "Michael_Morell",
            "txt": "But there is no other evidence in the e-mails that Mr. Morell himself objected to the inclusion of this material."
        },
        {
            "aim": "dir",
            "bias": "lex",
            "end": 117,
            "id": "p19",
            "indirect-ally-opponent-sentiment": "",
            "indirect-target-name": "",
            "notes": "",
            "polarity": "neg",
            "quote": "no",
            "speaker": "",
            "start": 105,
            "target": "Obama's_administration",
            "txt": "struggled to"
        },
        {
            "aim": "dir",
            "bias": "lex",
            "end": 214,
            "id": "p6",
            "indirect-ally-opponent-sentiment": "",
            "indirect-target-name": "",
            "notes": "",
            "polarity": "neg",
            "quote": "no",
            "speaker": "",
            "start": 205,
            "target": "Obama's_administration",
            "txt": "complicit"
        },
        {
            "aim": "dir",
            "bias": "inf",
            "end": 322,
            "id": "p16",
            "indirect-ally-opponent-sentiment": "",
            "indirect-target-name": "",
            "notes": "",
            "polarity": "neg",
            "quote": "no",
            "speaker": "",
            "start": 147,
            "target": "Michael_Morell",
            "txt": "Mr. Morell, in his own writing, crossed out five lines that referred to C.I.A. warnings about the threat of attacks by Al Qaeda-linked extremists in Benghazi and eastern Libya"
        },
        {
            "aim": "ind_pro",
            "bias": "inf",
            "end": 137,
            "id": "p35",
            "indirect-ally-opponent-sentiment": "neg",
            "indirect-target-name": "Ben Rhodes",
            "notes": "",
            "polarity": "neg",
            "quote": "no",
            "speaker": "",
            "start": 92,
            "target": "Obama's_administration",
            "txt": "Mr. Rhodes replied with a single word: \u201cYup.\u201d"
        }
    ],
    "triplet-uuid": "1bb79cc1-5d69-4136-a23d-6dbd300cbf25",
    "uuid": "312676c4-7676-4bc8-a4e6-ed168947ba75"
}