{
    "article-level-annotations": {
        "author_feeling_Obama_administration": "neu",
        "author_feeling_Republican_Lawmakers": "neu",
        "author_feeling_State_Department_officials": "neu",
        "author_feeling_Victoria_Nuland": "neu",
        "author_feeling_main_event": "pos",
        "notes": "",
        "relative_stance": "left",
        "you_feeling_Obama_administration": "neu",
        "you_feeling_Republican_Lawmakers": "neu",
        "you_feeling_State_Department_officials": "neu",
        "you_feeling_Victoria_Nuland": "neu"
    },
    "phrase-level-annotations": [
        {
            "aim": "dir",
            "bias": "lex",
            "end": 332,
            "id": "p0",
            "indirect-ally-opponent-sentiment": "",
            "indirect-target-name": "",
            "notes": "",
            "polarity": "neg",
            "quote": "no",
            "speaker": "",
            "start": 322,
            "target": "Republican_Lawmakers",
            "txt": "\u201ccover-up\u201d"
        },
        {
            "aim": "dir",
            "bias": "inf",
            "end": 117,
            "id": "p1",
            "indirect-ally-opponent-sentiment": "",
            "indirect-target-name": "",
            "notes": "",
            "polarity": "neg",
            "quote": "no",
            "speaker": "",
            "start": 0,
            "target": "Republican_Lawmakers",
            "txt": "Nothing in the emails supports theories that the talking points were changed in order to influence the 2012 election."
        },
        {
            "aim": "dir",
            "bias": "lex",
            "end": 32,
            "id": "p4",
            "indirect-ally-opponent-sentiment": "",
            "indirect-target-name": "",
            "notes": "",
            "polarity": "neg",
            "quote": "no",
            "speaker": "",
            "start": 26,
            "target": "Republican_Lawmakers",
            "txt": "argued"
        },
        {
            "aim": "dir",
            "bias": "inf",
            "end": 204,
            "id": "p4",
            "indirect-ally-opponent-sentiment": "",
            "indirect-target-name": "",
            "notes": "",
            "polarity": "neg",
            "quote": "no",
            "speaker": "",
            "start": 38,
            "target": "State_Department_officials",
            "txt": "the State Department and the White House were attempting to alter the talking points for political reasons and ignored suggestions and language put forward by the CIA"
        },
        {
            "aim": "dir",
            "bias": "inf",
            "end": 204,
            "id": "p7",
            "indirect-ally-opponent-sentiment": "",
            "indirect-target-name": "",
            "notes": "",
            "polarity": "neg",
            "quote": "no",
            "speaker": "",
            "start": 144,
            "target": "Victoria_Nuland",
            "txt": "trying to protect its reputation as being tough on terrorism"
        },
        {
            "aim": "dir",
            "bias": "inf",
            "end": 230,
            "id": "p11",
            "indirect-ally-opponent-sentiment": "",
            "indirect-target-name": "",
            "notes": "",
            "polarity": "pos",
            "quote": "no",
            "speaker": "",
            "start": 107,
            "target": "State_Department_officials",
            "txt": "unprofessional to include those warnings but not allow State Department officials to include how they had responded to them"
        },
        {
            "aim": "dir",
            "bias": "inf",
            "end": 176,
            "id": "p27",
            "indirect-ally-opponent-sentiment": "",
            "indirect-target-name": "",
            "notes": "",
            "polarity": "neg",
            "quote": "yes",
            "speaker": "Republican_Lawmakers",
            "start": 0,
            "target": "State_Department_officials",
            "txt": "The seemingly political nature of the State Department\u2019s concerns raises questions about the motivations behind these changes and who at the State Department was seeking them.\""
        }
    ],
    "triplet-uuid": "1bb79cc1-5d69-4136-a23d-6dbd300cbf25",
    "uuid": "3a92b2ca-738a-4aa2-a0cb-d8aee5823a80"
}