{
    "article-level-annotations": {
        "author_feeling_Asa_Hutchinson": "neu",
        "author_feeling_National_Rifle_Association": "neu",
        "author_feeling_main_event": "neu",
        "notes": "",
        "relative_stance": "center",
        "you_feeling_Asa_Hutchinson": "neu",
        "you_feeling_National_Rifle_Association": "neu"
    },
    "phrase-level-annotations": [
        {
            "aim": "dir",
            "bias": "lex",
            "end": 72,
            "id": "p13",
            "indirect-ally-opponent-sentiment": "",
            "indirect-target-name": "",
            "notes": "",
            "polarity": "neg",
            "quote": "no",
            "speaker": "",
            "start": 64,
            "target": "Asa_Hutchinson",
            "txt": "scathing"
        },
        {
            "aim": "dir",
            "bias": "inf",
            "end": 135,
            "id": "p14",
            "indirect-ally-opponent-sentiment": "",
            "indirect-target-name": "",
            "notes": "",
            "polarity": "neg",
            "quote": "yes",
            "speaker": "other_anti",
            "start": 67,
            "target": "Asa_Hutchinson",
            "txt": "\"a cruel hoax that will fail to keep our children and schools safe,\""
        },
        {
            "aim": "dir",
            "bias": "inf",
            "end": 172,
            "id": "p16",
            "indirect-ally-opponent-sentiment": "",
            "indirect-target-name": "",
            "notes": "",
            "polarity": "pos",
            "quote": "no",
            "speaker": "",
            "start": 57,
            "target": "Asa_Hutchinson",
            "txt": "it commended Hutchinson and his team for contributions that \"will go a long way to making America's schools safer.\""
        },
        {
            "aim": "dir",
            "bias": "inf",
            "end": 117,
            "id": "p29",
            "indirect-ally-opponent-sentiment": "",
            "indirect-target-name": "",
            "notes": "",
            "polarity": "pos",
            "quote": "no",
            "speaker": "",
            "start": 0,
            "target": "National_Rifle_Association",
            "txt": "Mattioli praised the NRA \"for coming up and spending the time and resources on putting a program like this together.\""
        },
        {
            "aim": "dir",
            "bias": "lex",
            "end": 80,
            "id": "p15",
            "indirect-ally-opponent-sentiment": "",
            "indirect-target-name": "",
            "notes": "",
            "polarity": "neg",
            "quote": "no",
            "speaker": "",
            "start": 73,
            "target": "National_Rifle_Association",
            "txt": "insists"
        },
        {
            "aim": "dir",
            "bias": "inf",
            "end": 61,
            "id": "p19",
            "indirect-ally-opponent-sentiment": "",
            "indirect-target-name": "",
            "notes": "",
            "polarity": "neg",
            "quote": "no",
            "speaker": "",
            "start": 0,
            "target": "National_Rifle_Association",
            "txt": "The speech was widely considered a public relations disaster."
        },
        {
            "aim": "dir",
            "bias": "inf",
            "end": 133,
            "id": "p20",
            "indirect-ally-opponent-sentiment": "",
            "indirect-target-name": "",
            "notes": "",
            "polarity": "neg",
            "quote": "no",
            "speaker": "",
            "start": 58,
            "target": "Asa_Hutchinson",
            "txt": "was scrapped after it was met with \"great reluctance\" from school employees"
        }
    ],
    "triplet-uuid": "68748e7f-cf6e-4ac7-8504-454c0876880d",
    "uuid": "ce6cf2d5-7b58-4b09-8641-a030301a38bf"
}