{
    "article-level-annotations": {
        "author_feeling_Democratic_Lawmakers": "neu",
        "author_feeling_Hillary_Clinton": "neu",
        "author_feeling_Republican_Lawmakers": "neg",
        "author_feeling_main_event": "neu",
        "notes": "",
        "relative_stance": "right",
        "you_feeling_Democratic_Lawmakers": "neu",
        "you_feeling_Hillary_Clinton": "neu",
        "you_feeling_Republican_Lawmakers": "neu"
    },
    "phrase-level-annotations": [
        {
            "aim": "dir",
            "bias": "lex",
            "end": 217,
            "id": "p1",
            "indirect-ally-opponent-sentiment": "",
            "indirect-target-name": "",
            "notes": "",
            "polarity": "neg",
            "quote": "no",
            "speaker": "",
            "start": 212,
            "target": "Democratic_Lawmakers",
            "txt": "bogus"
        },
        {
            "aim": "ind_general",
            "bias": "inf",
            "end": 85,
            "id": "p5",
            "indirect-ally-opponent-sentiment": "neg",
            "indirect-target-name": "Congress",
            "notes": "",
            "polarity": "pos",
            "quote": "yes",
            "speaker": "Democratic_Lawmakers",
            "start": 0,
            "target": "Democratic_Lawmakers",
            "txt": "\"Shame on the House for ... failing to adequately fund the administration's request,\""
        },
        {
            "aim": "dir",
            "bias": "lex",
            "end": 111,
            "id": "p24",
            "indirect-ally-opponent-sentiment": "",
            "indirect-target-name": "",
            "notes": "",
            "polarity": "neg",
            "quote": "yes",
            "speaker": "Republican_Lawmakers",
            "start": 89,
            "target": "Hillary_Clinton",
            "txt": "off base, or political"
        },
        {
            "aim": "dir",
            "bias": "inf",
            "end": 31,
            "id": "p29",
            "indirect-ally-opponent-sentiment": "",
            "indirect-target-name": "",
            "notes": "",
            "polarity": "neg",
            "quote": "no",
            "speaker": "",
            "start": 5,
            "target": "Hillary_Clinton",
            "txt": "to the dismay of lawmakers"
        },
        {
            "aim": "dir",
            "bias": "inf",
            "end": 107,
            "id": "p43",
            "indirect-ally-opponent-sentiment": "",
            "indirect-target-name": "",
            "notes": "",
            "polarity": "neg",
            "quote": "yes",
            "speaker": "Republican_Lawmakers",
            "start": 58,
            "target": "Hillary_Clinton",
            "txt": "\"really, I think, cost these people their lives.\""
        },
        {
            "aim": "dir",
            "bias": "lex",
            "end": 24,
            "id": "p45",
            "indirect-ally-opponent-sentiment": "",
            "indirect-target-name": "",
            "notes": "",
            "polarity": "neg",
            "quote": "yes",
            "speaker": "Republican_Lawmakers",
            "start": 13,
            "target": "Hillary_Clinton",
            "txt": "inexcusable"
        }
    ],
    "triplet-uuid": "9879bbc0-eab3-482f-bf6b-a4b519393986",
    "uuid": "00321469-450c-4e12-9de6-399e06633a2c"
}