{
    "article-level-annotations": {
        "author_feeling_Jesse_Jackson": "neg",
        "author_feeling_main_event": "neu",
        "notes": "",
        "relative_stance": "center",
        "you_feeling_Jesse_Jackson": "neu"
    },
    "phrase-level-annotations": [
        {
            "aim": "dir",
            "bias": "inf",
            "end": 295,
            "id": "p5",
            "indirect-ally-opponent-sentiment": "",
            "indirect-target-name": "",
            "notes": "",
            "polarity": "neg",
            "quote": "no",
            "speaker": "",
            "start": 0,
            "target": "Jesse_Jackson",
            "txt": "The former representative, who co-wrote a 1999 book with his father, Rev. Jesse Jackson, titled It's About the Money!: How You Can Get Out of Debt, Build Wealth, and Achieve Your Financial Dreams, was accused of spending $750,000 in campaign funds on personal items for himself and for his wife."
        },
        {
            "aim": "dir",
            "bias": "inf",
            "end": 128,
            "id": "p6",
            "indirect-ally-opponent-sentiment": "",
            "indirect-target-name": "",
            "notes": "",
            "polarity": "neg",
            "quote": "no",
            "speaker": "",
            "start": 92,
            "target": "Jesse_Jackson",
            "txt": "though he did have a beer last night"
        }
    ],
    "triplet-uuid": "f506aafc-8b43-427a-936e-bbd1ef33e076",
    "uuid": "fc848d52-197e-4f53-a254-03fd7d9c56f6"
}